poi_id,name,city,state,zone,latitude,longitude,category,poi_type,entry_fee_inr,visit_duration_hrs,google_rating,review_count_lakhs,weekly_off,has_airport_nearby,dslr_allowed,best_time_to_visit,significance,establishment_year,characteristics,description,opening_time,closing_time,indoor_outdoor,address,country,tags,source_id,last_updated
1,India Gate,Delhi,Delhi,Northern,28.612912,77.2295097,Cultural & Heritage Sites,War Memorial,0.0,2.0,4.6,,,,Yes,Evening,Historical,1921,,Triumphal arch in New Delhi,,,outdoor,,India,triumphal arch|commonwealth war graves commission maintained memorial,Q245347,2026-09-07
2,Humayun's Tomb,Delhi,Delhi,Northern,28.5932848,77.2507492,Cultural & Heritage Sites,Tomb,30.0,2.0,4.5,,,,Yes,Afternoon,Historical,1572,,"tomb of the Mughal Emperor Humayun in Delhi, India",,,indoor,,India,tomb,Q189648,2026-09-07
3,Akshardham Temple,Delhi,Delhi,Northern,28.6126735,77.2772619,Religious & Spiritual Pilgrimages,Temple,60.0,1.0,4.6,,,,No,Afternoon,Religious,2005,,"Swaminarayan Akshardham is a Hindu temple and campus in Delhi, India. The temple is close to the border with Noida. Also known as Akshardham Temple or Akshardham Delhi, the complex displays traditional and modern Hindu culture and architecture. Inspired by Yogiji Maharaj and created by Pramukh Swami Maharaj, it was constructed by BAPS. It is the world's second-largest BAPS Hindu temple, following Akshardham, New Jersey, in the United States.",,,,,India,,Q140447789,2026-09-07
4,Waste to Wonder Park,Delhi,Delhi,Northern,28.5926939,77.2569715,Adventure & Outdoor Activities,Theme Park,50.0,2.0,4.1,,Monday,,Yes,Evening,Environmental,2019,,"Waste to Wonder Park in Delhi features Replicas of 7 Wonders of the World and Dinosaur. It was built by South Delhi Municipal Corporation (SDMC) in Sarai Kaale Khan area, Delhi. It was inaugurated by Defence Minister Rajnath Singh.",,,,,India,,NOT_FOUND,2026-09-07
5,Jantar Mantar,Delhi,Delhi,Northern,28.6270547,77.2166267,"Arts, Science & Literature Attractions",Observatory,15.0,,4.2,,,,Yes,Morning,Scientific,1724,,name of specific instruments in India,,,,,India,,Q12816495,2026-09-07
6,Chandni Chowk,Delhi,Delhi,Northern,28.6505331,77.230337,Shopping & Markets,Market,0.0,1.5,4.2,,Sunday,,Yes,Afternoon,Market,1700,,area in Delhi,,,,,India,neighborhood,Q3236763,2026-09-07
7,Lotus Temple,Delhi,Delhi,Northern,28.553492,77.2588264,Religious & Spiritual Pilgrimages,Temple,0.0,1.0,4.5,,Monday,,Yes,Evening,Religious,1986,,"Bahá'í House of Worship in Delhi, India",,,indoor,"Lotus Temple Road, Bahapur, Kalkaji, Delhi 110019",India,temple,Q940843,2026-09-07
8,Red Fort,Delhi,Delhi,Northern,28.6561592,77.2410203,Cultural & Heritage Sites,Fort,35.0,2.0,4.5,,,,Yes,Afternoon,Historical,1648,,"historic fortress in Delhi, India",,,,,India,,Q45957,2026-09-07
9,Agrasen ki Baoli,Delhi,Delhi,Northern,28.626062,77.2250369,Cultural & Heritage Sites,Stepwell,0.0,2.0,4.2,,,,Yes,Afternoon,Historical,1400,,"Agrasen Ki Baoli is a 60-meter long and 15-meter wide historical stepwell in New Delhi, India.",,,,,India,,NOT_FOUND,2026-09-07
10,Sunder Nursery,Delhi,Delhi,Northern,28.5956467,77.2451691,Natural Landscapes & Wildlife,Park,0.0,4.0,4.6,,,,Yes,Afternoon,Botanical,1600,,"Sunder Nursery, formerly called Azim Bagh or Bagh-e-Azeem, is a 16th-century heritage park complex adjacent to the Humayun's Tomb, a UNESCO World Heritage Site in Delhi. Originally known as Azim Bagh and built by the Mughals in the 16th century, it lies on the Mughal-era Grand Trunk Road, and is spread over 90 acres. Future plans aim to link nearby areas to develop it into India's largest park covering 900 acres.",,,,,India,,NOT_FOUND,2026-09-07
11,Garden of Five Senses,Delhi,Delhi,Northern,28.513403,77.1975227,Natural Landscapes & Wildlife,Park,35.0,4.0,4.1,,,,Yes,Morning,Botanical,2003,,"The Garden of Five Senses is a park in Delhi, India. Spread over 20 acres, the park is located in Saidul Ajaib village, opposite Saket, near the Mehrauli heritage area. Designed by Delhi architect, Pradeep Sachdeva, the park was developed by Delhi Tourism and Transportation Development Corporation, Delhi at a cost of Rs 10 crore, over a period of three years and opened in February 2003. Partly built over a rocky terrain, the garden has various theme areas, including a section on the lines of Mug",,,outdoor,12 rue du Lac,India,garden,Q3223853,2026-09-07
12,Lodhi Garden,Delhi,Delhi,Northern,28.5936814,77.2218338,Natural Landscapes & Wildlife,Park,0.0,4.0,4.5,,,,Yes,All,Botanical,1500,,city park in India,,,outdoor,,India,park,Q2985076,2026-09-07
13,National Gallery of Modern Art,Delhi,Delhi,Northern,28.6101926,77.2344179,"Arts, Science & Literature Attractions",Museum,20.0,2.0,4.5,,Monday,,Yes,All,Artistic,1954,,"premier art gallery under Ministry of Culture, Government of India",,,indoor,,India,art museum|national museum,Q1338832,2026-09-07
14,National Zoological Park ,Delhi,Delhi,Northern,38.9296156,77.0497844,Natural Landscapes & Wildlife,Zoo,80.0,4.0,4.1,,Friday,,Yes,All,Environmental,1959,,"zoological park in Washington, D.C., United States",,,,"3001 Connecticut Ave NW, Washington, DC 20008",India,zoo,Q1043283,2026-09-07
15,Qutub Minar,Delhi,Delhi,Northern,28.5244946,77.1855177,Cultural & Heritage Sites,Monument,35.0,2.0,4.5,,,,Yes,Afternoon,Historical,1192,,,,,,,India,,NOT_FOUND,2026-09-07
16,National Science Centre,Delhi,Delhi,Northern,28.6127836,77.2455584,"Arts, Science & Literature Attractions",Science,70.0,,4.4,,,,Yes,All,Scientific,1992,,The National Science Centre is a governmental grant-making agency responsible for providing financial support for the conduct of basic science research in Poland and various programs to assist scientists throughout their careers.,,,,,India,,NOT_FOUND,2026-09-07
17,Marine Drive,Mumbai,Maharastra,Western,18.9432111,72.8229983,Sightseeing & Exploration,Promenade,0.0,,4.5,,,,Yes,Evening,Scenic,Unknown,,"scenic road and promenade in Mumbai, India",,,,,India,thoroughfare|promenade,Q985828,2026-09-07
18,Gateway of India,Mumbai,Maharastra,Western,18.9219841,72.8346543,Cultural & Heritage Sites,Monument,0.0,2.0,4.6,,,,Yes,All,Historical,1924,,"monument in Mumbai, India",,,outdoor,,India,triumphal arch,Q864862,2026-09-07
19,Chhatrapati Shivaji Maharaj Vastu Sangrahalaya,Mumbai,Maharastra,Western,18.9269015,72.8326916,Cultural & Heritage Sites,Museum,500.0,2.0,4.6,,,,Yes,All,Historical,1922,,"museum in Mumbai, India",,,indoor,"159-161, Mahatma Gandhi Road, Fort, Mumbai - 400023",India,museum|museum building,Q1071500,2026-09-07
20,Sanjay Gandhi National Park,Mumbai,Maharastra,Western,,,,National Park,50.0,2.0,4.3,,Monday,,Yes,All,Wildlife,1996,,"national park in Mumbai, India",,,outdoor,,India,national park,Q648907,2026-09-07
21,Siddhivinayak Temple,Mumbai,Maharastra,Western,19.01699,72.8303997,Religious & Spiritual Pilgrimages,Temple,0.0,1.0,4.8,,,,No,All,Religious,1881,,"Hindu temple in Prabhadevi, Mumbai, Maharashtra, India",,,,,India,,Q13115097,2026-09-07
22,Mahalaxmi Temple,Mumbai,Maharastra,Western,18.9773,72.8066,Religious & Spiritual Pilgrimages,Temple,0.0,1.0,4.7,,,,No,All,Religious,1831,,"Mahalakshmi Temple or Mahalaxmi Temple may refer to these Hindu temples in Maharashtra, India dedicated to the goddess Mahalakshmi:Mahalakshmi Temple, Kolhapur considered a Shakti Peeth
Mahalakshmi Temple, Mumbai, a prominent Mumbai landmark
Mahalakshmi Temple, Dahanu, a temple at Dahanu
Mahalakshmi Temple, Hedavde, Vasai Virar",,,,,India,,NOT_FOUND,2026-09-07
23,Haji Ali Dargah,Mumbai,Maharastra,Western,18.9828273,72.8088966,Religious & Spiritual Pilgrimages,Religious Shrine,0.0,,4.4,,,,No,All,Religious,1431,,Dargah and mosque in India,,,,,India,dargah,Q542756,2026-09-07
24,Chowpatty Beach,Mumbai,Maharastra,Western,18.9518622,72.8165592,Natural Landscapes & Wildlife,Beach,0.0,4.0,4.3,,,,Yes,Evening,Recreational,Unknown,,"Girgaon Chowpatty, is a public beach at the eastern end of the Queen’s Necklace adjoining Malabar Hill in the Girgaon area of Mumbai (Bombay), Maharashtra, India.",,,outdoor,,India,beach,Q26793807,2026-09-07
25,Essel World,Mumbai,Maharastra,Western,19.230098,72.8013252,Adventure & Outdoor Activities,Amusement Park,1149.0,2.0,4.3,,,,Yes,All,Recreational,1986,,"EsselWorld was an amusement park located in Gorai on Dharavi island, Mumbai. It was operated by Pan India Pariyatan Ltd. It covered an area of 26 hectares along with its sister park Water Kingdom, a water park, and opened to the public in 1989. The park was one of the largest amusement parks in India. The park has been closed since April 2022.",,,,,India,,NOT_FOUND,2026-09-07
26,Elephanta Caves,Mumbai,Maharastra,Western,18.9633474,72.9314864,Cultural & Heritage Sites,Monument,550.0,2.0,4.3,,,,Yes,All ,Historical,1987,,Shiva cave temples and UNESCO world heritage site on a Mumbai harbor island,,,outdoor,,India,cave,Q649384,2026-09-07
27,Imagicaa,Lonavala,Maharastra,Western,,,,Amusement Park,1149.0,2.0,1.4,,Monday,,Yes,All,Recreational,2013,,Theme Park,,,,,India,,Q4683250,2026-09-07
28,Bangalore Palace,Bangalore,Karnataka,Southern,18.699917,73.3859496,Cultural & Heritage Sites,Palace,500.0,2.0,4.2,,Monday,,Yes,Morning,Historical,1878,,"Bengaluru Palace is a 19th-century royal palace located in Bengaluru, Karnataka, India. It was commissioned by the Maharaja of Mysore, and was completed in 1874. The palace is open for public viewing, and in the recent years, the palace grounds have been to host various events and fairs, and is home to an amusement park.",,,,,India,,NOT_FOUND,2026-09-07
29,Lalbagh Botanical Garden,Bangalore,Karnataka,Southern,13.0035068,77.5890953,Natural Landscapes & Wildlife,Botanical Garden,20.0,4.0,4.4,,,,Yes,Evening,Nature,1760,,"botanical garden in Bangalore, India",,,outdoor,,India,botanical garden,Q200711,2026-09-07
30,Cubbon Park,Bangalore,Karnataka,Southern,12.9494158,77.5846805,Natural Landscapes & Wildlife,Park,0.0,4.0,4.4,,,,Yes,Morning,Nature,1870,,"park in Bangalore, India",,,outdoor,,India,park,Q3633776,2026-09-07
31,Vidhana Soudha,Bangalore,Karnataka,Southern,12.93349,77.5766285,Cultural & Heritage Sites,Government Building,0.0,2.0,4.6,,,,No,Morning,Architectural,1956,,"Seat of legislature, Govt of Karnataka",,,,,India,legislative building,Q283257,2026-09-07
32,ISKCON Temple Bangalore,Bangalore,Karnataka,Southern,12.9796121,77.5908462,Religious & Spiritual Pilgrimages,Temple,0.0,1.0,4.6,,,,Yes,Evening,Religious,1997,,ISKCON Temple Bengaluru is one of the largest Krishna-Hindu temples in the world. It is situated in Bengaluru in the Indian state of Karnataka. The temple is dedicated to Hindu deities Radha Krishna and propagates monotheism as mentioned in Chandogya Upanishad.,,,,,India,,NOT_FOUND,2026-09-07
33,Charminar,Hyderabad,Telangana,Southern,13.0098328,77.5510964,Cultural & Heritage Sites,Landmark,25.0,2.0,4.5,,Friday,,Yes,Morning,Historical,1591,,"mosque in Hyderabad, India",,,outdoor,,India,monument|mosque,Q1771696,2026-09-07
34,Golconda Fort,Hyderabad,Telangana,Southern,17.3615636,78.4746645,Cultural & Heritage Sites,Fort,30.0,2.0,4.4,,,,Yes,Morning,Historical,1600,,,,,,,India,,NOT_FOUND,2026-09-07
35,Hussain Sagar Lake,Hyderabad,Telangana,Southern,17.383309,78.4010528,Natural Landscapes & Wildlife,Lake,0.0,4.0,4.3,,,,Yes,Evening,Scenic,1563,,"Hussain Sagar is a heart-shaped lake in Hyderabad, Telangana, India, built by Ibrahim Quli Qutb Shah in 1562. It is spread across an area of 5.7 square kilometres (2.2 sq mi) and is fed by the River Musi. A large monolithic statue of the Gautama Buddha, erected in 1992, stands on Gibraltar Rock in the middle of the lake. The lake separates the city centre of Hyderabad from the neighbourhood of Secunderabad. The maximum depth of the lake is 32 feet (9.8 m).",,,,,India,,NOT_FOUND,2026-09-07
36,Ramoji Film City,Hyderabad,Telangana,Southern,17.4238798,78.4738215,"Arts, Science & Literature Attractions",Film Studio,1150.0,,4.4,,,,Yes,All,Entertainment,1996,,"film studio in Hyderabad, India",,,outdoor,,India,film studio|theme park,Q1786944,2026-09-07
37,Salar Jung Museum,Hyderabad,Telangana,Southern,17.221713,78.284925,"Arts, Science & Literature Attractions",Museum,20.0,2.0,4.4,,,,Yes,All,Historical,1951,,"art museum in Hyderabad, Telangana, India",,,indoor,,India,art museum|national museum,Q1864572,2026-09-07
38,Qutb Shahi Tombs,Hyderabad,Telangana,Southern,17.3716084,78.4802439,Cultural & Heritage Sites,Tombs,25.0,2.0,4.4,,,,Yes,Morning,Historical,1600,,Tomb,,,indoor,,India,tomb,Q7273006,2026-09-07
39,Birla Mandir,Hyderabad,Telangana,Southern,17.3628791,78.4741288,Religious & Spiritual Pilgrimages,Temple,0.0,1.0,4.7,,,,No,All,Religious,1976,,"Hindu temple in Hyderabad, India",,,indoor,,India,temple,Q4916532,2026-09-07
40,Chowmahalla Palace,Hyderabad,Telangana,Southern,17.212781,78.281814,Cultural & Heritage Sites,Palace,80.0,2.0,4.4,,,,Yes,Morning,Historical,1800,,"Palace in Telangana, India",,,,,India,,Q3380670,2026-09-07
41,Nehru Zoological Park,Hyderabad,Telangana,Southern,17.3578233,78.4716897,Natural Landscapes & Wildlife,Zoo,50.0,4.0,4.2,,,,Yes,Morning,Wildlife,1963,,"Nehru Zoological Park is a zoo located near Mir Alam Tank in Bahadurpura, Telangana, India. It is one of the most visited destinations in Hyderabad.",,,,,India,,NOT_FOUND,2026-09-07
42,Lumbini Park,Hyderabad,Telangana,Southern,17.4458759,78.4186335,Natural Landscapes & Wildlife,Park,20.0,4.0,4.1,,,,Yes,Evening,Recreational,1994,,park in India,,,outdoor,,India,park,Q1650886,2026-09-07
43,Victoria Memorial,Kolkata,West Bengal,Eastern,17.4096811,78.4724344,Cultural & Heritage Sites,Museum,30.0,2.0,4.6,,Monday,,Yes,Morning,Historical,1921,,memorial dedicated to the memory of Queen Victoria in Kolkata,,,outdoor,,India,memorial|museum,Q1356352,2026-09-07
44,Howrah Bridge,Kolkata,West Bengal,Eastern,22.5448082,88.3425578,Cultural & Heritage Sites,Bridge,0.0,2.0,4.6,,,,No,Anytime,Architectural,1943,,"cantilever bridge in Kolkata, India",,,,,India,cantilever bridge|steel bridge,Q739641,2026-09-07
45,Indian Museum,Kolkata,West Bengal,Eastern,22.5851433,88.3468005,"Arts, Science & Literature Attractions",Museum,50.0,2.0,4.6,,Monday,,Yes,Morning,Historical,1814,,museum in India,,,indoor,,India,national museum,Q1364900,2026-09-07
46,Dakshineswar Kali Temple,Kolkata,West Bengal,Eastern,22.5817406,88.3543972,Religious & Spiritual Pilgrimages,Temple,0.0,1.0,4.7,,,,Yes,Morning,Religious,1855,,"Hindu temple in West Bengal, India",,,,,India,,Q1157765,2026-09-07
47,Kalighat Kali Temple,Kolkata,West Bengal,Eastern,22.6549087,88.3575307,Religious & Spiritual Pilgrimages,Temple,0.0,1.0,4.4,,,,Yes,Morning,Religious,1809,,"Kalighat Kali Temple is a Hindu temple in Kalighat, Kolkata, West Bengal, India, dedicated to the Hindu goddess Kali, one of the 10 Mahavidyas in the Hindu tantric tradition and the supreme deity in the Kalikula worship tradition. The temple is one of the 51 Shakti Pithas in India.",,,,,India,,NOT_FOUND,2026-09-07
48,Eden Gardens,Kolkata,West Bengal,Eastern,22.5202798,88.3420877,Sports & Recreation,Cricket Ground,2500.0,,4.1,,,,Yes,All,Sports,1864,,"cricket ground in Kolkata, West Bengal, India",,,,,India,cricket field,Q2035004,2026-09-07
49,Alipore Zoological Gardens,Kolkata,West Bengal,Eastern,22.5646081,88.3432645,Natural Landscapes & Wildlife,Zoo,25.0,4.0,4.3,,,,Yes,Afternoon,Wildlife,1876,,"zoo situated in Kolkata, India",,,,,India,zoo,Q3346440,2026-09-07
50,Science City Kolkata,Kolkata,West Bengal,Eastern,22.5370343,88.3316697,"Arts, Science & Literature Attractions",Science,60.0,,4.4,,,,Yes,All,Educational,1997,,"Science City, Kolkata is a science centre and science park in Kolkata, West Bengal, India. It is currently the largest science centre in the Indian subcontinent, containing a science museum, science park, and auditoriums. The centre was inaugurated in two parts, with the ‘Convention Centre Complex’ being the first on 21 December 1996, followed by the rest on 1 July 1997 by the then-prime-minister Inder Kumar Gujral. On 10 January 2010 the prime minister of India, Manmohan Singh, would attempt to",,,,,India,,NOT_FOUND,2026-09-07
51,Belur Math,Kolkata,West Bengal,Eastern,22.5401381,88.3960564,Religious & Spiritual Pilgrimages,Site,0.0,,4.7,,,,Yes,Morning,Religious,1898,,"Headquarters of the Ramakrishna Mission in West Bengal, India",,,,,India,monastery|building complex,Q816234,2026-09-07
52,Marble Palace,Kolkata,West Bengal,Eastern,22.6326565,88.3563815,Cultural & Heritage Sites,Palace,0.0,2.0,4.4,,,,Yes,Afternoon,Historical,1835,,building in Saint Petersburg,,,,,India,,Q283120,2026-09-07
53,Calangute Beach,Goa,Goa,Southern,,,,Beach,0.0,3.0,4.4,,,,Yes,Evening,Scenic,Unknown,,,,,,,India,,NOT_FOUND,2026-09-07
54,Basilica of Bom Jesus,Goa,Goa,Southern,15.5008,73.9114,Religious & Spiritual Pilgrimages,Church,0.0,1.0,4.5,,,,Yes,Afternoon,Historical,1605,,"church in Velha Goa, India",,,indoor,,India,church building|minor basilica|jesuit church,Q391123,2026-09-07
55,Fort Aguada,Goa,Goa,Southern,15.5008238,73.9114061,Cultural & Heritage Sites,Fort,0.0,2.0,4.2,,,,Yes,Morning,Historical,1612,,seventeenth-century Portuguese fort in Goa,,,outdoor,,India,fort,Q4991900,2026-09-07
56,Dudhsagar Falls,Goa,Goa,Southern,15.4922519,73.7737462,Natural Landscapes & Wildlife,Waterfall,500.0,4.0,4.6,,,,Yes,Afternoon,Nature,Unknown,,tiered waterfall located on the Mandovi River in the Indian state of Goa,,,outdoor,,India,waterfall,Q37545,2026-09-07
57,Anjuna Beach,Goa,Goa,Southern,15.3144375,74.3143073,Adventure & Outdoor Activities,Beach,0.0,3.0,4.4,,,,Yes,Evening,Scenic,Unknown,,"Anjuna is a census town located on the coast of North Goa, India. It is one of the twelve comunidades of Bardez. It is widely known as one of Goa's tourist destinations.",,,,,India,,NOT_FOUND,2026-09-07
58,Chapora Fort,Goa,Goa,Southern,15.5733497,73.7409781,Cultural & Heritage Sites,Fort,0.0,2.0,4.2,,,,Yes,Evening,Historical,1617,,"fort in Goa, India",,,outdoor,,India,fort,Q5073352,2026-09-07
59,Se Cathedral,Goa,Goa,Southern,15.6046375,73.7369631,Religious & Spiritual Pilgrimages,Church,0.0,1.0,4.5,,,,Yes,Afternoon,Historical,1640,,"The Sé Catedral de Santa Catarina, known as Se Cathedral, is the cathedral of the Latin Church Archdiocese of Goa and Daman and the seat of the Patriarch of the East Indies. It is part of the World Heritage Site, Churches and convents of Goa located in Old Goa, India.",,,,,India,,NOT_FOUND,2026-09-07
60,Baga Beach,Goa,Goa,Southern,15.5038769,73.9121918,Natural Landscapes & Wildlife,Beach,0.0,4.0,4.5,,,,Yes,Evening,Scenic,Unknown,,"Baga is a seaside town located in Bardez, Goa, India. It falls under the jurisdiction of Calangute, which is 2 km south. Baga is known for its popular beach and Baga Creek. It is visited by thousands of tourists annually.",,,,,India,,NOT_FOUND,2026-09-07
61,Arambol Beach,Goa,Goa,Southern,15.501984,73.9100068,Natural Landscapes & Wildlife,Beach,0.0,4.0,4.6,,,,Yes,Evening,Scenic,Unknown,,,,,outdoor,,India,beach,Q26794355,2026-09-07
62,Palolem Beach,Goa,Goa,Southern,15.6846886,73.7032836,Natural Landscapes & Wildlife,Beach,0.0,4.0,4.6,,,,Yes,Evening,Scenic,Unknown,,"village and beach in Goa, India",,,outdoor,,India,village in india|beach,Q2048357,2026-09-07
63,Colva Beach,Goa,Goa,Southern,15.0099648,74.0232186,Natural Landscapes & Wildlife,Beach,0.0,4.0,4.3,,,,Yes,Evening,Scenic,Unknown,,"Colva  is a coastal village situated in the Salcete taluka, in South Goa district, of Goa state on the west coast of the Indian subcontinent. Colva Beach spans about 2.5 km (1.6 mi) along a sandy coastline of approximately 25 km (16 mi) extending from Bogmalo in the north to Cabo de Rama in the south.",,,,,India,,NOT_FOUND,2026-09-07
64,Miramar Beach,Goa,Goa,Southern,15.2805316,73.9119945,Natural Landscapes & Wildlife,Beach,0.0,4.0,4.2,,,,Yes,Evening,Scenic,Unknown,,"census-designated place in Walton County, Florida, United States",,,,,India,census-designated place in the united states,Q2429075,2026-09-07
65,Aguada Beach,Goa,Goa,Southern,,,,Beach,0.0,3.0,4.5,,,,Yes,Evening,Scenic,Unknown,,,,,,,India,,NOT_FOUND,2026-09-07
66,Dr. Salim Ali Bird Santuary,Goa,Goa,Southern,15.513,73.8704,Natural Landscapes & Wildlife,Bird Sanctuary,10.0,4.0,3.9,,,,Yes,Afternoon,Wildlife,1988,,,,,,,India,,NOT_FOUND,2026-09-07
67,Sabarmati Ashram,Ahmedabad,Gujarat,Western,23.0572846,72.6872617,Cultural & Heritage Sites,Historical,0.0,2.0,4.6,,,,Yes,Morning,Historical,1915,,residence of Mahatma Gandhi (1917–1930),,,indoor,,India,museum,Q1410702,2026-09-07
68,Dwarkadhish Temple,Dwarka,Gujarat,Western,22.3359636,69.0870088,Religious & Spiritual Pilgrimages,Temple,0.0,1.0,4.7,,,,No,Evening,Religious,-400,,"Hindu Temple in Mathura, Uttar Pradesh, India",,,indoor,,India,hindu temple,Q24932536,2026-09-07
69,Gir National Park,Junagadh,Gujarat,Western,21.5418892,70.4646275,Natural Landscapes & Wildlife,National Park,3500.0,4.0,4.5,,,,Yes,Morning,Wildlife,1965,,"forest, national park, and wildlife sanctuary in Gujarat, India",,,outdoor,,India,national park|nature reserve,Q337028,2026-09-07
70,White Desert,Bhuj,Gujarat,Western,23.2187507,69.73645,Natural Landscapes & Wildlife,Site,0.0,4.0,4.6,,,,Yes,Evening,Nature,1950,,natural protectorate north of the el-Farafra depression,,,,,India,,Q2556953,2026-09-07
71,Laxmi Vilas Palace,Vadodara,Gujarat,Western,22.300138,73.2106478,Cultural & Heritage Sites,Palace,200.0,2.0,4.4,,Monday,,Yes,Afternoon,Historical,1890,,"Lakshmi Vilas Palace is a historic palace and royal residence located in Vadodara, Gujarat, India. The palace was commissioned in 1878 by Sayajirao Gaekwad III, the ruler of Baroda State, and constructed in 1890 by British architects Charles Mant and Robert Chisholm. The royal family lived in the Maharaja Palace and the Nazarbaug Palace, before taking up residence in the Lakshmi Villas Palace. Named after Sayajirao's first wife Lakshmibai, it served as the royal residence of the Gaekwad dynasty,",,,,,India,,NOT_FOUND,2026-09-07
72,Somnath Temple,Somnath,Gujarat,Western,20.8841837,70.405855,Religious & Spiritual Pilgrimages,Temple,0.0,1.0,4.8,,,,No,Morning,Religious,1951,,"Shiva temple in Gujarat, India",,,indoor,,India,shiva temple,Q1143887,2026-09-07
73,Rann Utsav,Rann of Kutch,Gujarat,Western,,,,Cultural,7500.0,,4.9,,,,Yes,Evening,Cultural,Unknown,,"annual cultural festival in the Rann of Kutch, Gujarat, India",,,,,India,festival,Q141163705,2026-09-07
74,Statue of Unity,Kevadia,Gujarat,Western,,,,Monument,350.0,1.0,4.6,,Monday,,Yes,All,Historical,2018,,"statue of Vallabhbhai Patel at the bank of Narmada river, Gujarat, India",,,,,India,statue|colossal statue,Q7604504,2026-09-07
75,Dandi Kutir,Gandhinagar,Gujarat,Western,28.6126735,77.2772619,"Arts, Science & Literature Attractions",Museum,0.0,2.0,4.5,,,,Yes,All,Historical,2013,,,,,,,India,,NOT_FOUND,2026-09-07
76,Sabarmati Riverfront,Ahmedabad,Gujarat,Western,23.2328758,72.6311938,Sightseeing & Exploration,Urban Development Project,0.0,,4.6,,,,Yes,Evening,Recreational,2012,,"development at Ahmedabad, India",,,,"2nd Floor, ""Riverfront House"", Behind H. K. Arts College, Between Gandhi and Nehru Bridge, Pujya Pramukh Swami Marg (River Front Road - West), Ahmedabad - 380009",India,,Q16377,2026-09-07
77,Manek Chowk,Ahmedabad,Gujarat,Western,23.0234539,72.5766408,Shopping & Markets,Market,0.0,1.5,4.4,,,,Yes,Night,Food,Unknown,,,,,,,India,,NOT_FOUND,2026-09-07
78,Kankaria Lake,Ahmedabad,Gujarat,Western,23.0231887,72.5879093,Natural Landscapes & Wildlife,Lake,10.0,4.0,4.5,,,,Yes,Afternoon,Recreational,1451,,"tourist place and lake in Ahmedabad, India",,,outdoor,,India,artificial lake|reservoir,Q16384,2026-09-07
79,Science City,Ahmedabad,Gujarat,Western,23.0062573,72.6025503,"Arts, Science & Literature Attractions",Science,500.0,,4.4,,Monday,,Yes,All,Educational,2002,,Science museum in Kolkata,,,indoor,,India,science museum,Q7433497,2026-09-07
80,Hawa Mahal,Jaipur,Rajasthan,Northern,26.9854865,75.8513454,Cultural & Heritage Sites,Palace,50.0,2.0,4.4,,,,Yes,Morning,Architectural,1799,,"palace in Jaipur, Rajasthan, India",,,indoor,,India,palace,Q836531,2026-09-07
81,City Palace,Udaipur,Rajasthan,Northern,27.7909349,73.3408256,Cultural & Heritage Sites,Palace,300.0,2.0,4.4,,,,Yes,All,Historical,1559,,urban residence for the nobility,,,,,India,,Q15848826,2026-09-07
82,Jaisalmer Fort,Jaisalmer,Rajasthan,Northern,26.9085788,70.9231001,Cultural & Heritage Sites,Fort,50.0,2.0,4.4,,,,Yes,All,Historical,1156,,"fort in Jaisalmer, Rajasthan, India",,,outdoor,,India,fort,Q3634368,2026-09-07
83,Ranthambore National Park,Sawai Madhopur,Rajasthan,Northern,,,,Wildlife Sanctuary,500.0,4.0,4.6,,,,Yes,All,Wildlife,1980,,,,,,,India,,NOT_FOUND,2026-09-07
84,Pushkar Lake,Pushkar,Rajasthan,Northern,,,,Temple,0.0,1.0,4.4,,,,Yes,All,Religious,1400,,lake in India,,,outdoor,,India,lake,Q7261801,2026-09-07
85,Ajmer Sharif Dargah,Ajmer,Rajasthan,Northern,,,,Shrine,0.0,,4.6,,,,No,All,Religious,1236,,"sufi shrine of Moinuddin Chishti at Ajmer, Rajasthan, India",,,,,India,dargah,Q5222593,2026-09-07
86,Mehrangarh Fort,Jodhpur,Rajasthan,Northern,26.2810298,73.0473022,Cultural & Heritage Sites,Fort,100.0,2.0,4.6,,,,Yes,All,Historical,1459,,"fort in Jodhpur, Rajasthan, India",,,outdoor,,India,fort,Q1483099,2026-09-07
87,Chittorgarh Fort,Chittorgarh,Rajasthan,Northern,,,,Fort,40.0,2.5,4.6,,,,Yes,All,Historical,700,,"historic fort in Rajasthan, India",,,outdoor,,India,fort,Q3695769,2026-09-07
88,Dilwara Temples,Mount Abu,Rajasthan,Northern,24.6094,72.723,"Religious & Spiritual Pilgrimages, Cultural & Heritage Sites",Temple,0.0,2.0,4.6,,,,No,All,Religious,1100,,"group of Svetambara Jain temples in Rajasthan, India",,,indoor,,India,jain temple,Q2712405,2026-09-07
89,Junagarh Fort,Bikaner,Rajasthan,Northern,,,,Fort,50.0,2.5,4.5,,,,Yes,All,Historical,1589,,,,,,,India,,NOT_FOUND,2026-09-07
90,Amber Fort,Jaipur,Rajasthan,Northern,,,,Fort,100.0,2.5,4.6,,,,Yes,All,Historical,1592,,"Amer Fort or Amber Fort is a fort located in Amer, Rajasthan, India. Amer is a town with an area of 4 square kilometres (1.5 sq mi) located 11 kilometres (6.8 mi) from Jaipur, the capital of Rajasthan. Located high on a hill, it is the principal tourist attraction in Jaipur. Amer Fort is known for its artistic style elements. With its large ramparts and series of gates and cobbled paths, the fort overlooks Maota Lake, which is the main source of water for the Amer Palace.",,,,,India,,NOT_FOUND,2026-09-07
91,Jaigarh Fort,Jaipur,Rajasthan,Northern,26.9401659,75.8170373,Cultural & Heritage Sites,Fort,35.0,2.0,4.5,,,,Yes,All,Historical,1726,,"fort in Rajasthan, India",,,outdoor,,India,fort,Q2722759,2026-09-07
92,Lake Pichola,Udaipur,Rajasthan,Northern,26.9240458,75.8267144,Natural Landscapes & Wildlife,Lake,0.0,4.0,4.6,,,,Yes,All,Nature,1362,,"lake in Udaipur city, Rajasthan, India",,,outdoor,,India,lake,Q2723483,2026-09-07
93,Golden Temple (Harmandir Sahib),Amritsar,Punjab,Northern,31.6256935,74.8790091,Religious & Spiritual Pilgrimages,Religious Site,0.0,,4.9,,,,Yes,All,Spiritual,1604,,,,,,,India,,NOT_FOUND,2026-09-07
94,Jallianwala Bagh,Amritsar,Punjab,Northern,31.6199803,74.8764849,Cultural & Heritage Sites,Memorial,0.0,2.0,4.8,,,,Yes,Afternoon,Historical,1951,,Historic site in India,,,outdoor,,India,historic site|memorial,Q10904104,2026-09-07
95,Wagah Border,Amritsar,Punjab,Northern,31.6207396,74.8801655,"Adventure & Outdoor Activities, Sightseeing & Exploration",Border Crossing,0.0,,4.8,,,,Yes,Evening,Cultural,1950,,a border town in the Pakistani province of Punjab,,,,,India,border checkpoint,Q502198,2026-09-07
96,Rock Garden,Chandigarh,Punjab,Northern,30.7421379,76.8187557,Sightseeing & Exploration,Sculpture Garden,30.0,1.5,4.5,,,,Yes,All,Artistic,1976,,,,,,,India,,NOT_FOUND,2026-09-07
97,Alappuzha Beach,Alappuzha,Kerala,Southern,9.6611287,76.3002896,Natural Landscapes & Wildlife,Beach,0.0,4.0,4.5,,,,Yes,All,Recreational,Unknown,,"beach in Kerala, India",,,outdoor,,India,beach,Q384565,2026-09-07
98,Munnar Tea Gardens,Munnar,Kerala,Southern,10.1063316,77.1238055,"Natural Landscapes & Wildlife, Sightseeing & Exploration",Scenic Area,0.0,4.0,4.3,,,,Yes,All,Nature,Unknown,,,,,,,India,,NOT_FOUND,2026-09-07
99,Fort Kochi,Kochi,Kerala,Southern,10.1415953,76.1782833,Cultural & Heritage Sites,Site,0.0,2.0,4.4,,,,Yes,All,Historical,1503,,"neighborhood in Kochi, Ernakulam district, Kerala, India",,,,,India,suburb,Q3595166,2026-09-07
100,Padmanabhaswamy Temple,Thiruvananthapuram,Kerala,Southern,8.5089657,76.955072,Religious & Spiritual Pilgrimages,Temple,0.0,1.0,4.7,,,,No,All,Religious,Unknown,,"Temple in Thiruvananthapuram, Kerala",,,indoor,,India,hindu temple|tourist destination,Q1473969,2026-09-07
101,Kozhikode Beach,Kozhikode,Kerala,Southern,11.5601151,75.6058617,Natural Landscapes & Wildlife,Beach,0.0,4.0,3.9,,,,Yes,All,Recreational,Unknown,,"beach on the western side of Kozhikode, situated on the Malabar Coast of India.",,,outdoor,,India,beach,Q56240718,2026-09-07
102,Wayanad Wildlife Sanctuary,Wayanad,Kerala,Southern,11.6182901,76.1678346,Natural Landscapes & Wildlife,Wildlife Sanctuary,300.0,4.0,4.5,,,,Yes,All,Wildlife,Unknown,,,,,,,India,,NOT_FOUND,2026-09-07
103,Periyar National Park,Thekkady,Kerala,Southern,,,,National Park,50.0,2.0,4.3,,,,Yes,All,Wildlife,1982,,"National park and wildlife sanctuary in Kerala, India",,,outdoor,,India,national park,Q548153,2026-09-07
104,Kumarakom Bird Sanctuary,Kumarakom,Kerala,Southern,,,,Bird Sanctuary,50.0,4.0,3.8,,,,Yes,All,Wildlife,1972,,"national park in Kerala, India",,,,,India,bird sanctuary,Q6443537,2026-09-07
105,Varkala Beach,Varkala,Kerala,Southern,,,,Beach,0.0,3.0,4.6,,,,Yes,All,Recreational,Unknown,,"cliff beach in Trivandrum, Kerala, India",,,outdoor,,India,beach,Q7915960,2026-09-07
106,Bekal Fort,Bekal,Kerala,Southern,,,,Fort,20.0,2.5,4.5,,,,Yes,All,Historical,1650,,"Fort in Kasaragod district, Keralam, India",,,outdoor,,India,fort|building,Q3519346,2026-09-07
107,Kovalam Beach,Kovalam,Kerala,Southern,,,,Beach,0.0,3.0,4.4,,,,Yes,All,Recreational,Unknown,,branch post office in Thiruvananthapuram district,,,,,India,branch post office,Q71537662,2026-09-07
108,St. Angelo Fort,Kannur,Kerala,Southern,11.9824702,75.402109,Cultural & Heritage Sites,Fort,20.0,2.0,4.4,,,,Yes,All,Historical,1505,,,,,,,India,,NOT_FOUND,2026-09-07
109,Seethargundu Viewpoint,Nelliyampathy,Kerala,Southern,,,,Viewpoint,0.0,,4.5,,,,Yes,Morning,Nature,Unknown,,,,,,,India,,NOT_FOUND,2026-09-07
110,Kerala Folklore Museum,Kochi,Kerala,Southern,11.8541418,75.3714455,Cultural & Heritage Sites,Cultural,100.0,2.0,4.4,,Monday,,Yes,All,Cultural,2009,,,,,indoor,,India,museum,Q58454923,2026-09-07
111,Wonderla Amusement Park,Kochi,Kerala,Southern,9.9330107,76.2989787,Adventure & Outdoor Activities,Amusement Park,750.0,2.0,4.6,,,,Yes,All,Entertainment,2016,,,,,,,India,,NOT_FOUND,2026-09-07
112,Mysore Palace,Mysore,Karnataka,Southern,12.302778,76.673611,Cultural & Heritage Sites,Palace,50.0,2.0,4.6,,,,Yes,All,Historical,1912,,"historical palace in Mysuru, Karnataka, India",,,indoor,"Sayyaji Rao Rd, Agrahara, Chamrajpura, Mysuru, Karnataka 570001",India,palace,Q456575,2026-09-07
113,Hampi Archaeological Ruins,Hampi,Karnataka,Southern,,,,Site,0.0,,4.7,,,,Yes,All,Historical,Unknown,,,,,,,India,,NOT_FOUND,2026-09-07
114,Abbey Falls,Coorg,Karnataka,Southern,,,,Waterfall,0.0,1.5,4.1,,,,Yes,Morning,Nature,Unknown,,"Abbey Falls is a waterfall in Kodagu, in the Western Ghats of Karnataka, India. It is located 8 km from the Madikeri, 122 km from Mysore, 144 km from Mangalore and 268 km from Bangalore.",,,,,India,,NOT_FOUND,2026-09-07
115,Om Beach,Gokarna,Karnataka,Southern,,,,Beach,0.0,3.0,4.5,,,,Yes,All,Nature,Unknown,,,,,,,India,,NOT_FOUND,2026-09-07
116,Mullayanagiri,Chikmagalur,Karnataka,Southern,,,,Mountain Peak,0.0,,4.5,,,,Yes,All,Nature,Unknown,,highest mountain in the Indian state of Karnataka,,,,,India,mountain,Q3695181,2026-09-07
117,Badami Cave Temples,Badami,Karnataka,Southern,15.9183365,75.6839686,Religious & Spiritual Pilgrimages,Cave,30.0,1.5,4.6,,,,No,All,Religious,600,,"6th-8th century Hindu and Jain cave temples in Karnataka, India",,,indoor,,India,jain temple|hindu temple|stone sculpture,Q825236,2026-09-07
118,Jog Falls,Shivamogga,Karnataka,Southern,,,,Waterfall,30.0,1.5,4.6,,,,Yes,Morning,Nature,1900,,second largest plunge falls located in Karnataka,,,outdoor,,India,waterfall,Q672241,2026-09-07
119,Panambur Beach,Mangalore,Karnataka,Southern,12.9530213,74.8011783,"	Natural Landscapes & Wildlife, Sightseeing & Exploration",Beach,0.0,4.0,4.5,,,,Yes,All,Recreational,Unknown,,"beach in Mangalore, Panambur",,,outdoor,,India,beach,Q24946384,2026-09-07
120,Murudeshwar Temple,Murudeshwar,Karnataka,Southern,,,,Temple,0.0,1.0,4.7,,,,No,All,Religious,Unknown,,,,,,,India,,NOT_FOUND,2026-09-07
121,Gol Gumbaz,Bijapur,Karnataka,Southern,16.8302623,75.7361152,Cultural & Heritage Sites,Mausoleum,20.0,2.0,4.5,,,,Yes,All,Historical,1656,,"mausoleum of Mohammed Adil Shah, Sultan of Bijapur",,,indoor,,India,mausoleum,Q192295,2026-09-07
122,Bandipur National Park,Bandipur,Karnataka,Southern,,,,National Park,300.0,2.0,4.4,,,,Yes,Morning,Wildlife,1974,,"national park in Karnataka, India",,,outdoor,,India,national park,Q665110,2026-09-07
123,Halebidu Hoysaleswara Temple,Halebidu,Karnataka,Southern,,,,Temple,15.0,1.0,4.7,,,,No,All,Religious,1121,,,,,,,India,,NOT_FOUND,2026-09-07
124,Shaniwar Wada,Pune,Maharastra,Western,18.5194647,73.8553175,Cultural & Heritage Sites,Fort,50.0,2.0,4.4,,,,Yes,All,Historical,1732,,Royal Palace of Peshwas,,,,"Shaniwar Peth, Pune, Maharashtra 411030",India,,Q1351060,2026-09-07
125,Ajanta Caves,Aurangabad,Maharastra,Western,20.5514444,75.7018913,Cultural & Heritage Sites,Cave,30.0,2.0,4.6,,Monday,,Yes,Afternoon,Historical,200,,"2nd century BCE to 1st century CE Buddhist cave monuments located in Maharashtra, India",,,outdoor,,India,grotto|artificial cave|temple,Q184427,2026-09-07
126,Sula Vineyards,Nashik,Maharastra,Western,,,,Vineyard,300.0,,4.1,,,,Yes,Afternoon,Recreational,1999,,"Winery and vineyard in Nashik, India",,,,,India,vineyard,Q17069969,2026-09-07
127,Sai Baba Temple,Shirdi,Maharastra,Western,,,,Temple,0.0,1.0,4.7,,,,No,All,Religious,1922,,building in India,,,indoor,,India,temple,Q7399777,2026-09-07
128,Alibaug Beach,Alibaug,Maharastra,Western,18.6391422,72.8720214,Natural Landscapes & Wildlife,Beach,0.0,4.0,4.2,,,,Yes,Evening,Recreational,Unknown,,"Alibag, also known as Alibaug, is a coastal city and a municipal council in the Raigad district of Maharashtra, India. It is the headquarters of the Raigad district, and is south of the city of Mumbai. Alibag is part of the Mumbai Metropolitan Region and is situated at a distance of about 96 kilometres (60 mi) from Mumbai and 143 kilometres (89 mi) from Pune.",,,,,India,,NOT_FOUND,2026-09-07
129,Ganapatipule Temple,Ratnagiri,Maharastra,Western,17.1449566,73.2662143,Religious & Spiritual Pilgrimages,Temple,0.0,1.0,4.7,,,,No,All,Religious,1600,,,,,,,India,,NOT_FOUND,2026-09-07
130,Deekshabhoomi,Nagpur,Maharastra,Western,21.128056,79.066944,Cultural & Heritage Sites,Monument,0.0,2.0,4.5,,,,Yes,Afternoon,Religious,2001,,,,,,,India,,NOT_FOUND,2026-09-07
131,Mahalakshmi Temple,Kolhapur,Maharastra,Western,,,,Temple,0.0,1.0,4.8,,,,No,All,Religious,700,,Temple of Lakshmi,,,indoor,,India,temple,Q3595240,2026-09-07
132,Karla Caves,Lonavala,Maharastra,Western,18.7832762,73.4704426,Cultural & Heritage Sites,Cave,25.0,2.0,4.4,,Yes,,Yes,Afternoon,Historical,200,,"cave complex in Karla, India",,,outdoor,,India,cave|cave monastery,Q6372431,2026-09-07
133,Tarkarli Beach,Tarkarli,Maharashtra,Western,16.0136864,73.4898334,Natural Landscapes & Wildlife,Beach,0.0,4.0,4.6,,,,Yes,Evening,Recreational,Unknown,,Tarkarli is a village in Malvan taluka in Sindhudurg district in the Indian state of Maharashtra. It is a beach destination and remote place in southern Maharashtra. Tarkarli Beach was declared a Queen Beach of the Konkan region.,,,,,India,,NOT_FOUND,2026-09-07
134,Kaas Plateau,Satara,Maharashtra,Western,17.7208314,73.8237159,Natural Landscapes & Wildlife,Valley,300.0,4.0,4.4,,,,Yes,Afternoon,Nature,Unknown,,"natural heritage site of Maharashtra, India",,,,,India,geographical feature,Q6343582,2026-09-07
135,Echo Point,Matheran,Maharashtra,Western,17.9786,73.6373,Sightseeing & Exploration,Viewpoint,0.0,,4.4,,,,Yes,Morning,Nature,1828,,"panoramic view in New South Wales, Australia",,,,,India,scenic viewpoint,Q2470303,2026-09-07
136,Ellora Caves,Ajanta,Maharashtra,Western,,,,Cave,30.0,1.5,4.7,,Tuesday,,Yes,Afternoon,Historical,600,,"The Ellora Caves are a UNESCO World Heritage Site in Aurangabad, India. It is one of the largest rock-cut cave complexes in the world, with artwork dating from AD 600–1000, including Hindu, Buddhist, and Jain caves. The complex is a leading example of Indian rock-cut architecture, and several are not strictly ""caves"" in that they have no roof. Cave 16 features the largest single monolithic rock excavation in the world, the Kailash temple, a chariot-shaped monument dedicated to the god Shiva. The",,,,,India,,NOT_FOUND,2026-09-07
137,Khajuraho Group of Monuments,Khajuraho,Madhya Pradesh,Central,24.8318452,79.9198549,Cultural & Heritage Sites,Temples,40.0,2.0,4.7,,,,Yes,Afternoon,Cultural,-850,,"The Khajuraho Group of Monuments are a group of Hindu and Digambara Jain temples in Chhatarpur district, Madhya Pradesh, India. They are about 46 km from Chhatarpur city, the district headquarters, 283 km from Gwalior, 175 kilometres (109 mi) southeast of Jhansi, 10 kilometres (6.2 mi) from Khajwa and 9 kilometres (5.6 mi) from Rajnagar. The temples are famous for their Nagara-style architectural symbolism and a few erotic sculptures.",,,,,India,,NOT_FOUND,2026-09-07
138,Sanchi Stupa,Bhopal,Madhya Pradesh,Central,23.4873393,77.7418238,Religious & Spiritual Pilgrimages,Monument,30.0,1.0,4.7,,,,Yes,Afternoon,Historical,-300,,"Buddhist complex, famous for its Great Stupa, in Madhya Pradesh, India",,,,,India,group|compound,Q181123,2026-09-07
139,Rajwada Palace,Indore,Madhya Pradesh,Central,22.7184419,75.855067,Cultural & Heritage Sites,Palace,10.0,2.0,4.4,,,,Yes,Afternoon,Historical,1747,,Palace of Holker Dynasty,,,indoor,,India,palace,Q7286493,2026-09-07
140,Gwalior Fort,Gwalior,Madhya Pradesh,Central,26.2313245,78.1694957,Cultural & Heritage Sites,Fort,75.0,2.0,4.5,,,,Yes,Morning,Historical,900,,"fort in Gwalior, Madhya Pradesh, India",,,outdoor,,India,fortress,Q2487545,2026-09-07
141,Mahakaleshwar Jyotirlinga,Ujjain,Madhya Pradesh,Central,23.182905,75.768291,"Religious & Spiritual Pilgrimages, Cultural & Heritage Sites",Temple,0.0,2.0,4.8,,,,No,All,Religious,-3500,,temple in India,,,indoor,,India,hindu temple,Q2721992,2026-09-07
142,Dhuandhar Falls,Jabalpur,Madhya Pradesh,Central,23.1262738,79.8075411,Natural Landscapes & Wildlife,Waterfall,0.0,4.0,4.5,,,,Yes,Morning,Nature,Unknown,,Tourist site in India,,,,,India,,Q38177,2026-09-07
143,Bee Falls,Pachmarhi,Madhya Pradesh,Central,,,,Waterfall,15.0,1.5,4.6,,,,Yes,Morning,Nature,Unknown,,,,,,,India,,NOT_FOUND,2026-09-07
144,Kanha National Park,Kanha,Madhya Pradesh,Central,,,,Wildlife Sanctuary,100.0,4.0,4.5,,,,Yes,Morning,Wildlife,1955,,"Kanha Tiger Reserve, also known as Kanha–Kisli National Park, is one of the tiger reserves of India and the largest national park of the state of Madhya Pradesh. It covers an area of 940 km2 (360 sq mi) in the two districts Mandla and Balaghat.
The park hosts Bengal tiger, Indian leopard, sloth bear, barasingha and dhole. It is also the first tiger reserve in India to officially introduce a mascot, Bhoorsingh the Barasingha.",,,,,India,,NOT_FOUND,2026-09-07
145,Bandhavgarh National Park,Bandhavgarh,Madhya Pradesh,Central,,,,National Park,50.0,2.0,4.5,,,,Yes,Morning,Wildlife,1968,,national park,,,outdoor,,India,national park,Q806310,2026-09-07
146,Orchha Fort,Orchha,Madhya Pradesh,Central,,,,Fort,10.0,2.5,4.8,,,,Yes,Afternoon,Historical,1500,,"historical monument site in Orchha, Madhya Pradesh, India",,,outdoor,,India,fort,Q20873390,2026-09-07
147,Jahaz Mahal,Mandu,Madhya Pradesh,Central,,,,Site,50.0,,3.9,,,,Yes,Afternoon,Historical,1500,,building in India,,,,,India,building,Q6123216,2026-09-07
148,Bhimbetka Rock Shelters,Bhimbetka,Madhya Pradesh,Central,,,,Prehistoric Site,25.0,,4.6,,,,Yes,Afternoon,Archaeological,1958,,"30,000+ years old archaeological World Heritage site in Madhya Pradesh, India",,,outdoor,,India,rock shelter|archaeological site|cave with prehistoric art,Q331603,2026-09-07
149,Narmada Udgam Temple,Amarkantak,Madhya Pradesh,Central,,,,Temple,0.0,1.0,4.4,,,,Yes,All,Religious,1200,,,,,,,India,,NOT_FOUND,2026-09-07
150,Chitrakoot Falls,Chitrakoot,Madhya Pradesh,Central,,,,Waterfall,0.0,1.5,4.4,,,,Yes,Morning,Nature,Unknown,,,,,,,India,,NOT_FOUND,2026-09-07
151,The Ridge,Shimla,Himachal Pradesh,Northern,,,,Scenic Point,0.0,,4.7,,,,Yes,Morning,Recreational,Unknown,,"The Ridge may refer to:The Ridge, later Major Ridge, a Cherokee Indian leader
The Ridge , a 2025 British and New Zealand serial",,,,,India,,NOT_FOUND,2026-09-07
152,Solang Valley,Manali,Himachal Pradesh,Northern,32.316,77.157,Natural Landscapes & Wildlife,Valley,0.0,4.0,4.1,,,,Yes,Morning,Adventure,Unknown,,located 14 km northwest of the seaside resort of Manali (India),,,outdoor,,India,valley,Q12069422,2026-09-07
153,Dalai Lama Temple,dalhousie,Himachal Pradesh,Northern,32.2315734,76.3237994,Religious & Spiritual Pilgrimages,Temple,0.0,1.0,4.7,,,,No,All,Religious,1959,,,,,,,India,,NOT_FOUND,2026-09-07
154,Khajjiar Lake,Dalhousie,Himachal Pradesh,Northern,32.546218,76.0580811,Natural Landscapes & Wildlife,Lake,0.0,4.0,4.5,,,,Yes,Morning,Nature,Unknown,,lake in India,,,outdoor,,India,lake,Q6399145,2026-09-07
155,Key Monastery,Spiti Valley,Himachal Pradesh,Northern,,,,Monastery,0.0,,4.8,,,,Yes,Morning,Religious,1100,,"Buddhist monastery in Spiti, Himachal Pradesh, India",,,,,India,tibetan buddhist monastery,Q1341262,2026-09-07
156,Great Himalayan National Park,Kullu,Himachal Pradesh,Northern,31.7985414,77.5160134,Natural Landscapes & Wildlife,National Park,50.0,4.0,4.5,,,,Yes,All,Wildlife,1984,,national park in India,,,,,India,,Q1544213,2026-09-07
157,Chamera Lake,Chamba,Himachal Pradesh,Northern,,,,Lake,0.0,1.5,4.4,,,,Yes,Morning,Recreational,Unknown,,,,,,,India,,NOT_FOUND,2026-09-07
158,Sangla Valley,Kinnaur,Himachal Pradesh,Northern,,,,Valley,0.0,,4.5,,,,Yes,Morning,Nature,Unknown,,"Sangla is a town in the Baspa Valley, in the Kinnaur District of Himachal Pradesh, India, close to the border with Tibet. It is the administrative headquarter of the eponymous Sangla tehsil, and the primary town in the Baspa Valley which is also referred to as the Sangla Valley.",,,,,India,,NOT_FOUND,2026-09-07
159,Kangra Fort,Kangra,Himachal Pradesh,Northern,,,,Fort,150.0,2.5,4.4,,,,Yes,All,Historical,400,,One of the largest historic forts in the Himalayas,,,outdoor,,India,fortification|military base,Q6362859,2026-09-07
160,Tea Gardens,Palampur,Himachal Pradesh,Northern,,,,Tea Plantation,0.0,,4.6,,,,Yes,Morning,Agricultural,1950,,"town in New South Wales, Australia",,,,,India,town|locality,Q2398262,2026-09-07
161,Prashar Lake,Mandi,Himachal Pradesh,Northern,,,,Lake,0.0,1.5,4.6,,,,Yes,Morning,Nature,1400,,lake in India,,,outdoor,,India,lake,Q7238517,2026-09-07
162,Paragliding Site,Bir Billing,Himachal Pradesh,Northern,,,,Adventure Sport,2500.0,,4.8,,,,Yes,All,Adventure,2005,,,,,,,India,,NOT_FOUND,2026-09-07
163,Triund Trek,McLeod Ganj,Himachal Pradesh,Northern,,,,Trekking,0.0,,4.8,,,,Yes,Morning,Adventure,Unknown,,,,,,,India,,NOT_FOUND,2026-09-07
164,Manikaran Sahib,Manikaran,Himachal Pradesh,Northern,,,,Gurudwara,0.0,,4.6,,,,Yes,Morning,Religious,1980,,,,,,,India,,NOT_FOUND,2026-09-07
165,Hatu Peak,Narkanda,Himachal Pradesh,Northern,,,,Viewpoint,0.0,,4.5,,,,Yes,All,Nature,Unknown,,"mountain in Himachal Pradesh, India",,,,,India,mountain,Q19840172,2026-09-07
166,Barot Valley,Barot,Himachal Pradesh,Northern,,,,Valley,0.0,,4.7,,,,Yes,Morning,Nature,Unknown,,,,,,,India,,NOT_FOUND,2026-09-07
167,Serolsar Lake,Shoja,Himachal Pradesh,Northern,,,,Lake,0.0,1.5,4.4,,,,Yes,Morning,Nature,Unknown,,,,,,,India,,NOT_FOUND,2026-09-07
168,Kufri Fun World,Kufri,Himachal Pradesh,Northern,,,,Ski Resort,1500.0,,3.8,,,,Yes,All,Recreational,1975,,,,,,,India,,NOT_FOUND,2026-09-07
169,Naini Lake,Nainital,Uttarakhand,Northern,29.3868622,79.459841,Natural Landscapes & Wildlife,Lake,0.0,4.0,4.2,,,,Yes,Morning,Nature,Unknown,,lagoon in India,,,,,India,lagoon,Q33293866,2026-09-07
170,Laxman Jhula,Rishikesh,Uttarakhand,Northern,30.1259072,78.3308815,"Adventure & Outdoor Activities, Sightseeing & Exploration",Suspension Bridge,0.0,,4.4,,,,Yes,Morning,Cultural,1939,,footbridge in India,,,,,India,suspension bridge|footbridge,Q2689560,2026-09-07
171,Har Ki Pauri,Haridwar,Uttarakhand,Northern,29.9573607,78.1749687,"Religious & Spiritual Pilgrimages, Sightseeing & Exploration",Ghat,0.0,,4.5,,,,Yes,All,Religious,Unknown,,ghat on the Ganges in Haridwar,,,outdoor,,India,sacred place|ghat,Q2721704,2026-09-07
172,Robber's Cave,Dehradun,Uttarakhand,Northern,30.3754,78.0598,Adventure & Outdoor Activities,Cave,25.0,1.5,4.5,,,,Yes,Morning,Nature,Unknown,,cave in India,,,outdoor,,India,cave,Q3632720,2026-09-07
173,Kempty Falls,Mussoorie,Uttarakhand,Northern,30.4878,78.0367,Natural Landscapes & Wildlife,Waterfall,15.0,4.0,4.2,,,,Yes,Morning,Nature,Unknown,,"waterfall in Uttarakhand, India",,,outdoor,,India,waterfall,Q4122030,2026-09-07
174,Auli Ski Resort,Auli,Uttarakhand,Northern,30.5308872,79.5615124,Adventure & Outdoor Activities,Ski Resort,0.0,,4.5,,,,Yes,Morning,Adventure,1990,,,,,,,India,,NOT_FOUND,2026-09-07
175,Badrinath Temple,Badrinath,Uttarakhand,Northern,,,,Temple,0.0,1.0,4.8,,,,No,All,Religious,-820,,,,,,,India,,NOT_FOUND,2026-09-07
176,Binsar Wildlife Sanctuary,Almora,Uttarakhand,Northern,,,,Wildlife Sanctuary,150.0,4.0,4.3,,,,Yes,All,Wildlife,1988,,Binsar Wildlife Sanctuary is an Indian wildlife sanctuary.,,,,,India,,NOT_FOUND,2026-09-07
177,Chaubatia Gardens,Ranikhet,Uttarakhand,Northern,29.6197419,79.4610397,Sightseeing & Exploration,Orchard,50.0,,4.0,,,,Yes,All,Recreational,1868,,,,,,,India,,NOT_FOUND,2026-09-07
178,Jim Corbett National Park,Jim Corbett,Uttarakhand,Northern,,,,National Park,100.0,2.0,4.4,,,,Yes,All,Wildlife,1936,,national park in India,,,outdoor,,India,national park,Q949297,2026-09-07
179,Gangotri Temple,Uttarkashi,Uttarakhand,Northern,30.9944091,78.9411825,Religious & Spiritual Pilgrimages,Temple,0.0,1.0,4.8,,,,No,All,Religious,1751,,"Gangotri is a town and a Nagar Panchayat (municipality) in Uttarkashi district in the state of Uttarakhand, India. It is 99 km from Uttarkashi, the main district headquarter. It is a Hindu pilgrim town on the banks of the river Bhagirathi – the origin of the river Ganges. The town is located on the Greater Himalayan Range, at a height of 3,100 metres (10,200 ft). According to a popular Hindu legend, the goddess Ganga descended here when Shiva released the mighty river from the locks of his hair.",,,,,India,,NOT_FOUND,2026-09-07
180,Tungnath Temple,Chopta,Uttarakhand,Northern,,,,Temple,0.0,1.0,4.8,,,,No,All,Religious,751,,"9th to 10th century Shiva temple, one of the Panch Kedar",,,indoor,,India,hindu temple,Q123987347,2026-09-07
181,Valley of Flowers,Joshimath,Uttarakhand,Northern,,,,National Park,150.0,2.0,4.7,,,,Yes,Morning,Nature,1982,,fictional country from the Witcher series,,,,,India,,Q11694484,2026-09-07
182,Taj Mahal,Agra,Uttar Pradesh,Central,27.1751448,78.0421422,Cultural & Heritage Sites,Mausoleum,50.0,2.0,4.6,,Friday,,Yes,Morning,Historical,1632,,"The Taj Mahal is an ivory-white marble mausoleum on the right bank of the river Yamuna in Agra, Uttar Pradesh, India. It was commissioned in 1631 by the fifth Mughal emperor, Shah Jahan, to house the tomb of his late wife, Mumtaz Mahal; it also houses the tomb of Shah Jahan himself. The tomb is the centrepiece of a 17-hectare (42-acre) complex, which includes a mosque and a guest house, and is set in formal gardens bounded on three sides by a crenellated wall.",,,,,India,,NOT_FOUND,2026-09-07
183,Kashi Vishwanath Temple,Varanasi,Uttar Pradesh,Central,25.3108532,83.0106783,Religious & Spiritual Pilgrimages,Temple,0.0,1.0,4.7,,,,No,All,Religious,Unknown,,"Hindu temple in Varanasi, Uttar Pradesh, India",,,indoor,,India,hindu temple,Q3675,2026-09-07
184,Bara Imambara,Lucknow,Uttar Pradesh,Central,26.8685168,80.9127127,	Cultural & Heritage Sites,Monument,50.0,2.0,4.4,,Monday,,No,All,Historical,1784,,"Islamic congregation hall in Lucknow, India",,,indoor,,India,husayniyya|mausoleum,Q3630998,2026-09-07
185,Krishna Janmabhoomi,Mathura,Uttar Pradesh,Central,,,,Temple,0.0,1.0,4.7,,,,No,All,Religious,Unknown,,"Hindu Temple complex in Mathura, India believed as the place of birth of Krishna",,,indoor,,India,hindu temple,Q6394892,2026-09-07
186,Ram Janmabhoomi,Ayodhya,Uttar Pradesh,Central,26.795688,82.194431,"Religious & Spiritual Pilgrimages, Cultural & Heritage Sites",Religious Site,0.0,2.0,4.8,,,,No,All,Religious,Unknown,,"archaeological site in India, believed to be the birthplace of Rama",,,outdoor,,India,archaeological site,Q1939912,2026-09-07
187,Banke Bihari Temple,Vrindavan,Uttar Pradesh,Central,27.580148,77.7010816,Religious & Spiritual Pilgrimages,Temple,0.0,1.0,4.8,,,,No,All,Religious,1864,,"temple of Radha Krishna in Vrindavan, India",,,indoor,,India,temple,Q3630572,2026-09-07
188,Triveni Sangam,Allahabad,Uttar Pradesh,Central,25.4232879,81.8896873,"	Natural Landscapes & Wildlife, Religious & Spiritual Pilgrimages",Confluence,0.0,4.0,4.5,,,,Yes,Morning,Religious,Unknown,,"In Hindu tradition, Triveni Sangam is a confluence of three rivers that is a sacred place, with a bath there said to flush away all of one's sins and free one from the cycle of rebirth. The best-known of these confluences is the Triveni Sangam in Prayagraj which is the site of Kumbh Mela.",,,,,India,,NOT_FOUND,2026-09-07
189,Jhansi Fort,Jhansi,Uttar Pradesh,Central,,,,Fort,15.0,2.5,4.4,,,,Yes,All,Historical,1613,,"Jhansi Fort or Jhansi ka Qila is a fortress situated on a large hilltop called Bangira, in Uttar Pradesh. It served as a stronghold of the Karhade Brahmin Kings in Balwant Nagar from the 11th through the 17th century.There was another British fortress called the Star Fort which was located south of the main fortress of the town, at Jhansi Cantt. It was a primary British settlement in the town and had been constructed in accordance to a treaty of the British with the Newalkar Maharaja of Jhansi i",,,,,India,,NOT_FOUND,2026-09-07
190,Dhamek Stupa,Sarnath,Uttar Pradesh,Central,,,,Monument,5.0,1.0,4.6,,,,Yes,All,Historical,-500,,"stupa at Sarnath, Uttar Pradesh, India",,,,,India,stupa,Q1985137,2026-09-07
191,Buland Darwaza,Fatehpur Sikri,Uttar Pradesh,Central,,,,Monument,40.0,1.0,4.4,,,,Yes,Afternoon,Historical,1571,,"monumental gate in Fatehpur Sikri, India",,,,,India,gate building,Q3535264,2026-09-07
192,Okhla Bird Sanctuary,Noida,Uttar Pradesh,Central,28.5593695,77.309886,Natural Landscapes & Wildlife,Bird Sanctuary,30.0,4.0,4.3,,,,Yes,All,Wildlife,1990,,"metro station in Noida, India",,,,,India,metro station|elevated station,Q28172616,2026-09-07
193,Aligarh Fort,Aligarh,Uttar Pradesh,Central,27.9305608,78.0630535,Cultural & Heritage Sites,Fort,20.0,2.0,4.1,,,,Yes,Afternoon,Historical,1524,,"Historic structure in Aligarh, Uttar Pradesh, India",,,outdoor,,India,botanical garden,Q4726558,2026-09-07
194,Augarnath Temple,Meerut,Uttar Pradesh,Central,28.9968175,77.6911618,Religious & Spiritual Pilgrimages,Temple,0.0,1.0,4.8,,,,No,All,Religious,Unknown,,,,,,,India,,NOT_FOUND,2026-09-07
195,Allen Forest Zoo,Kanpur,Uttar Pradesh,Central,26.5028694,80.3031232,Natural Landscapes & Wildlife,Zoo,150.0,4.0,4.2,,Monday,,Yes,All,Wildlife,1971,,,,,,,India,,NOT_FOUND,2026-09-07
196,Dal Lake,Srinagar,Jammu and Kashmir,Northern,34.1105857,74.8682569,Natural Landscapes & Wildlife,Lake,0.0,4.0,4.6,,,,Yes,Morning,Nature,Unknown,,"lake in Srinagar, Jammu and Kashmir, India",,,outdoor,,India,lake,Q325391,2026-09-07
197,Pangong Tso,Leh,Ladakh,Northern,33.7595131,78.6674404,Natural Landscapes & Wildlife,Lake,20.0,4.0,4.9,,,,Yes,Morning,Nature,Unknown,,soda lake in the Himalayas,,,outdoor,,India,soda lake|lake,Q1032254,2026-09-07
198,Betaab Valley,Pahalgam,Jammu and Kashmir,Northern,,,,Valley,100.0,,4.6,,,,Yes,All,Nature,Unknown,,"valley in Jammu and Kashmir, India",,,outdoor,,India,valley,Q4897311,2026-09-07
199,Vaishno Devi,Jammu,Jammu and Kashmir,Northern,33.0308295,74.9490416,Religious & Spiritual Pilgrimages,Temple,0.0,1.0,4.7,,,,No,All,Religious,Unknown,,"manifestation of the Hindu Mother Goddess, Devi",,,,,India,devi,Q100877925,2026-09-07
200,Patnitop Height,Udhampur,Jammu and Kashmir,Northern,,,,Hill,0.0,3.0,4.1,,,,Yes,All,Recreational,Unknown,,,,,,,India,,NOT_FOUND,2026-09-07
201,Amarnath Cave,Anantnag,Jammu and Kashmir,Northern,,,,Temple,0.0,1.0,4.5,,,,Yes,All,Religious,Unknown,,,,,,,India,,NOT_FOUND,2026-09-07
202,Thiksey Monastery,Leh,Ladakh,Northern,34.0559137,77.6677625,Religious & Spiritual Pilgrimages,Monastery,20.0,,4.7,,,,No,All,Religious,1430,,"Thiksey Monastery or Thiksey Gompa is a Buddhist monastery affiliated with the Gelug school of Tibetan Buddhism. It is located on top of a hill in Thiksey approximately 19 kilometres (12 mi) east of Leh, in the Ladakh region of northern India. It is noted for its resemblance to the Potala Palace in Lhasa, Tibet, and is the largest monastery in central Ladakh, notably containing a separate set of buildings for female renunciates that has been the source of significant recent building and reorgani",,,,,India,,NOT_FOUND,2026-09-07
203,Nubra Valley,Nubra Valley,Ladakh,Northern,,,,Valley,0.0,,4.5,,,,Yes,All,Nature,Unknown,,"region in Ladakh, India",,,,,India,region,Q2004108,2026-09-07
204,Kargil War Memorial,Kargil,Ladakh,Northern,34.4340036,75.8076814,Cultural & Heritage Sites,War Memorial,0.0,2.0,4.8,,,,Yes,All,Historical,24,,Indian memorial in Ladakh,,,outdoor,,India,war memorial,Q16962739,2026-09-07
205,Diskit Monastery,Diskit,Ladakh,Northern,34.5409579,77.5606881,Religious & Spiritual Pilgrimages,Monastery,20.0,,4.7,,,,No,Morning,Religious,1351,,building in India,,,,,India,gompa|tibetan buddhist monastery,Q2088516,2026-09-07
206,Kishtwar National Park,Kishtwar,Jammu and Kashmir,Northern,,,,National Park,100.0,2.0,4.3,,,,Yes,All,Wildlife,1981,,national park in India,,,outdoor,,India,national park,Q727091,2026-09-07
207,Hemis National Park,Hemis,Ladakh,Northern,,,,National Park,20.0,2.0,4.4,,,,Yes,All,Wildlife,1981,,,,,,,India,,NOT_FOUND,2026-09-07
208,Dras War Memorial,Dras,Ladakh,Northern,,,,War Memorial,0.0,,4.8,,,,Yes,All,Historical,Unknown,,"The Kargil War Memorial, also known as Dras War Memorial, is a war memorial built by the Indian Army in the town of Dras, near Kargil city in Kargil district of Ladakh, India, commemorating the 1999 Kargil War between India and Pakistan. The memorial is located on the Srinagar-Leh National Highway 1D, about 5 km from the city centre across the Tiger Hill, Kargil.",,,,,India,,NOT_FOUND,2026-09-07
209,Magnetic Hill,Leh,Ladakh,Northern,46.134658,-64.888516,Natural Landscapes & Wildlife,Gravity Hill,0.0,4.0,3.7,,,,Yes,All,Nature,Unknown,,"place where the layout of the surrounding land produces an optical illusion, making a slight downhill slope appear to be an uphill slope",,,,,India,,Q2086896,2026-09-07
210,Khardung La Pass,Leh,Ladakh,Northern,,,,Hill,0.0,3.0,4.5,,,,Yes,Afternoon,Adventure,Unknown,,,,,,,India,,NOT_FOUND,2026-09-07
211,Prem Mandir,Vrindavan,Uttar Pradesh,Central,27.5718524,77.6720096,Religious & Spiritual Pilgrimages,Temple,0.0,1.0,4.8,,,,Yes,Evening,Religious,2012,,"cathedral in Rajkot,Gujrat, India",,,indoor,,India,cathedral,Q7240150,2026-09-07
212,Kirti Mandir,Porbandar,Uttar Pradesh,Central,,,,Memorial,0.0,,4.8,,,,Yes,Morning,Historical,1950,,"house in Porbandar, Gujarat, India",,,indoor,,India,museum|house|haveli,Q2786019,2026-09-07
213,Nand Gaon,Mathura,Uttar Pradesh,Central,,,,Village,0.0,,4.1,,,,Yes,Morning,Cultural,Unknown,,,,,,,India,,NOT_FOUND,2026-09-07
214,Barsana Mandir,Mathura,Uttar Pradesh,Central,,,,Temple,0.0,1.0,4.8,,,,Yes,Morning,Religious,Unknown,,,,,,,India,,NOT_FOUND,2026-09-07
215,Tiger Hill,Darjeeling,West Bengal,Eastern,26.9966667,88.2944444,Natural Landscapes & Wildlife,Sunrise Point,0.0,4.0,4.5,,,,Yes,All,Nature,Unknown,,video game developer from the US,,,,,India,video game developer,Q59688426,2026-09-07
216,Jaldapara National Park,Siliguri,West Bengal,Eastern,26.6905136,89.2805351,Natural Landscapes & Wildlife,Wildlife Sanctuary,250.0,4.0,4.4,,,,Yes,All,Wildlife,1941,,"national park in West Bengal, India",,,outdoor,,India,national park,Q3350362,2026-09-07
217,Sundarbans National Park,Sundarbans,West Bengal,Eastern,21.8842354,88.8853765,Natural Landscapes & Wildlife,National Park,60.0,4.0,4.4,,,,Yes,All,Wildlife,1984,,"National Park, Tiger Reserve, and Biosphere Reserve in West Bengal, India",,,outdoor,,India,national park,Q532440,2026-09-07
218,Digha Beach,Digha,West Bengal,Eastern,,,,Beach,0.0,3.0,4.5,,,,Yes,Morning,Recreational,Unknown,,,,,,,India,,NOT_FOUND,2026-09-07
219,Hazarduari Palace,Murshidabad,West Bengal,Eastern,24.1863376,88.2876731,Cultural & Heritage Sites,Palace,10.0,2.0,4.5,,Friday,,Yes,Morning,Historical,1837,,"historical building of Murshidabad, West Bengal",,,,"Siraj Ud Daulah Rd, Hazarduari, Murshidabad, West Bengal 742149",India,,Q5687746,2026-09-07
220,Kankalitala Temple,Bolpur,West Bengal,Eastern,,,,Temple,0.0,1.0,4.7,,,,No,All,Religious,Unknown,,Temple in West Bengal,,,indoor,,India,temple,Q116205427,2026-09-07
221,Hangseswari Temple,Hooghly,West Bengal,Eastern,,,,Temple,0.0,1.0,4.6,,,,No,All,Architectural,1814,,,,,,,India,,NOT_FOUND,2026-09-07
222,Gorumara National Park,Jalpaiguri,West Bengal,Eastern,,,,National Park,100.0,2.0,4.4,,,,Yes,All,Wildlife,1949,,"national park in northern West Bengal, India",,,outdoor,,India,national park,Q2985148,2026-09-07
223,Cooch Behar Palace,Cooch Behar,West Bengal,Eastern,,,,Palace,20.0,2.0,4.5,,Friday,,Yes,All,Historical,1887,,Palace in West Bengal,,,indoor,"Near Central Bus Terminus, Kesab Rd, Cooch Behar, West Bengal 736101",India,palace|museum,Q5166812,2026-09-07
224,Ayodhya Hills,Purulia,West Bengal,Eastern,,,,Hill,0.0,3.0,4.5,,,,Yes,All,Nature,Unknown,,,,,,,India,,NOT_FOUND,2026-09-07
225,Jagannath Temple,Puri,Odisha,Eastern,19.8049379,88.2801785,	Religious & Spiritual Pilgrimages,Temple,0.0,1.0,4.7,,,,No,All,Religious,12th century,,"The Jagannath Temple is a Hindu temple dedicated to Jagannath, a form of Vishnu. It is located in Puri, Odisha, on the eastern coast of India. As per temple records, King Indradyumna of Avanti built the main temple. The present temple complex was rebuilt from the eleventh century onwards on the site of the earlier shrines, excluding the main Jagannath temple, and was begun by Anantavarman Chodaganga, the first ruler of the Eastern Ganga dynasty. Many of the temple rituals are based on Shabari Ta",,,,,India,,NOT_FOUND,2026-09-07
226,Sun Temple,Konark,Odisha,Eastern,,,,Temple,40.0,1.0,4.7,,,,Yes,All,Historical,1250,,"13th century Surya Temple and UNESCO world heritage site in Odisha, India",,,indoor,,India,hindu temple|sun temple|ruins,Q752091,2026-09-07
227,Lingaraj Temple,Bhubaneswar,Odisha,Eastern,,,,Temple,0.0,1.0,4.6,,,,No,All,Religious,11th century,,"railway station in Odisha, India",,,,,India,railway station|station located on surface,Q6553781,2026-09-07
228,Khandadhar Waterfall,Rourkela,Odisha,Eastern,22.260423,84.8315341,"	Natural Landscapes & Wildlife, Adventure & Outdoor Activities",Waterfall,0.0,4.0,4.5,,,,Yes,All,Nature,Unknown,,,,,,,India,,NOT_FOUND,2026-09-07
229,Barabati Fort,Cuttack,Odisha,Eastern,20.4845311,85.8829895,Cultural & Heritage Sites,Fort,0.0,2.0,4.5,,,,Yes,All,Historical,-987,,Indian fort,,,outdoor,,India,fortress|ruins,Q3635691,2026-09-07
230,Hirakud Dam,Sambalpur,Odisha,Eastern,21.5305898,85.8651767,Natural Landscapes & Wildlife,Dam,0.0,4.0,4.5,,,,Yes,All,Engineering Marvel,1957,,"dam in Odisha, India",,,,,India,,Q1940209,2026-09-07
231,Chilika Lake,Chilika,Odisha,Eastern,,,,Lake,0.0,1.5,3.9,,,,Yes,Morning,Nature,Unknown,,"Chilika Lake is the largest brackish water lagoon with estuarine characteristics along the east coast of Indian sub-continent in Asia and second largest coastal lagoon in the world, its area ranges from about 900 to 11,165 sq km during summers and monsoon respectively. It is spread over the Puri, Khordha and Ganjam districts of Odisha state on the east coast of India, at the mouth of the Daya River, flowing into the Bay of Bengal.",,,,,India,,NOT_FOUND,2026-09-07
232,Tara Tarini Temple,Berhampur,Odisha,Eastern,19.3149618,84.7940911,Religious & Spiritual Pilgrimages,Temple,0.0,1.0,4.6,,,,No,All,Religious,Ancient,,"temple of Hindu Goddess in Odisha, India",,,indoor,,India,hindu temple,Q5717871,2026-09-07
233,Badaghagara Waterfall,Keonjhar,Odisha,Eastern,,,,Waterfall,0.0,1.5,4.3,,,,Yes,Morning,Nature,Unknown,,waterfall,,,outdoor,,India,waterfall,Q37461,2026-09-07
234,Chandipur Beach,Balasore,Odisha,Eastern,21.4518786,86.7301665,"Natural Landscapes & Wildlife, Adventure & Outdoor Activities",Beach,0.0,4.0,4.2,,,,Yes,Morning,Recreational,Unknown,,,,,,,India,,NOT_FOUND,2026-09-07
235,Sanaghagara Waterfall,Kendujhar,Odisha,Eastern,,,,Waterfall,0.0,1.5,4.4,,,,Yes,All,Nature,Unknown,,"waterfall in Odisha, India",,,outdoor,,India,waterfall,Q38180,2026-09-07
236,Marina Beach,Chennai,Tamil Nadu,Southern,13.0499526,87.0406081,"Natural Landscapes & Wildlife, Adventure & Outdoor Activities",Beach,0.0,4.0,3.9,,,,Yes,Morning,Recreational,Unknown,,longest beach of India,,,outdoor,,India,beach,Q673659,2026-09-07
237,Meenakshi Amman Temple,Madurai,Tamil Nadu,Southern,9.9201457,78.1253966,Religious & Spiritual Pilgrimages,Temple,0.0,1.0,4.7,,,,No,All,Religious,6th century AD,,"Meenakshi Temple, also known as Meenakshi Sundareswarar Temple, is a historic Hindu temple located on the southern bank of the Vaigai River in Madurai, Tamil Nadu, India. It is dedicated to Meenakshi, a form of Parvati, and her consort Sundareswarar (Shiva). The temple is theologically significant as it represents a confluence of various denominations of Hinduism such as Shaivism, Shaktism, and Vaishnavism.",,,,,India,,NOT_FOUND,2026-09-07
238,Ramanathaswamy Temple,Rameswaram,Tamil Nadu,Southern,9.2331475,79.3213819,Religious & Spiritual Pilgrimages,Temple,0.0,1.0,4.6,,,,No,All,Religious,12th century,,"Ramanathaswamy Temple is a Hindu temple dedicated to the Hindu god Shiva located on Rameswaram island in the state of Tamil Nadu, India. It is one of the twelve Jyotirlinga temples. It is one of the 276 Paadal Petra Sthalams, the sacred sites glorified by the Nayanars, Appar, Sundarar, and Sambandar, with their songs. According to tradition, the lingam of the Ramanathaswamy Temple was established and worshipped by Rama before he crossed the bridge called Rama Setu to the island kingdom of Lanka,",,,,,India,,NOT_FOUND,2026-09-07
239,Vivekananda Rock Memorial,Kanyakumari,Tamil Nadu,Southern,9.2881136,79.3480474,Cultural & Heritage Sites,Memorial,20.0,2.0,4.6,,,,No,Morning,Historical,1970,,"Monument in Vavathurai, Kanyakumari, India",,,outdoor,,India,memorial,Q3344887,2026-09-07
240,Ooty Lake,Ooty,Tamil Nadu,Southern,,,,Lake,10.0,1.5,4.1,,,,Yes,Morning,Recreational,1824,,lake in India,,,outdoor,,India,lake,Q7095463,2026-09-07
241,Marudamalai Temple,Coimbatore,Tamil Nadu,Southern,11.4102038,77.5509774,Religious & Spiritual Pilgrimages,Temple,0.0,1.0,4.7,,,,No,All,Religious,12th century,,,,,,,India,,NOT_FOUND,2026-09-07
242,Kodaikanal Lake,Kodaikanal,Tamil Nadu,Southern,11.0168445,77.0032888,Sightseeing & Exploration,Lake,0.0,1.5,3.9,,,,Yes,Morning,Recreational,1863,,"lake in Tamil Nadu, India",,,outdoor,,India,lake,Q6425075,2026-09-07
243,Brihadeeswarar Temple,Thanjavur,Tamil Nadu,Southern,10.2391086,77.4854759,Religious & Spiritual Pilgrimages,Temple,0.0,1.0,4.8,,,,No,All,Religious,110,,1997 fire in India,,,,,India,,Q16953757,2026-09-07
244,Shore Temple,Mahabalipuram,Tamil Nadu,Southern,12.6164515,79.1376311,Religious & Spiritual Pilgrimages,Temple,40.0,1.0,4.6,,,,No,All,Historical,7th century,,"The Shore Temple is a complex of temples and shrines that overlooks the shore of the Bay of Bengal. It is located in Mahabalipuram, about 60 kilometres (37 mi) south of Chennai in Tamil Nadu, India.",,,,,India,,NOT_FOUND,2026-09-07
245,Yercaud Lake,Yercaud,Tamil Nadu,Southern,11.7841423,78.2102296,Sightseeing & Exploration,Lake,0.0,1.5,4.2,,,,Yes,Morning,Recreational,Unknown,,,,,,,India,,NOT_FOUND,2026-09-07
246,Nellaiappar Temple,Tirunelveli,Tamil Nadu,Southern,,,,Temple,0.0,1.0,4.6,,,,No,All,Religious,7th century,,"Hindu temple in Tamil Nadu, India",,,indoor,,India,hindu temple,Q6990060,2026-09-07
247,Nataraja Temple,Chidambaram,Tamil Nadu,Southern,,,,Temple,0.0,1.0,4.7,,,,No,All,Religious,10th century,,Hindu temple famed for its Nataraja Shiva,,,indoor,,India,hindu temple,Q1966341,2026-09-07
248,Kanaka Durga Temple,Vijayawada,Andhra Pradesh,Southern,16.5154055,80.605864,Religious & Spiritual Pilgrimages,Temple,0.0,1.0,4.7,,,,No,All,Religious,Unknown,,"Hindu Temple in Andhra Pradesh, India",,,indoor,,India,temple,Q6360375,2026-09-07
249,Rishikonda Beach,Visakhapatnam,Andhra Pradesh,Southern,17.7825201,83.3851154,"Adventure & Outdoor Activities, Natural Landscapes & Wildlife",Beach,0.0,4.0,4.5,,,,Yes,Morning,Recreational,Unknown,,,,,,,India,,NOT_FOUND,2026-09-07
250,Mallikarjuna Swamy Temple,Srisailam,Andhra Pradesh,Southern,15.9128998,79.7399875,Religious & Spiritual Pilgrimages,Temple,0.0,1.0,4.7,,,,No,All,Religious,14th century,,,,,,,India,,NOT_FOUND,2026-09-07
251,Papikondalu,Rajahmundry,Andhra Pradesh,Southern,,,,Hill,0.0,3.0,4.3,,,,Yes,All,Nature,Unknown,,"Papikonda National Park is a national park in India, located near Rajamahendravaram in the Papi Hills of the Polavaram and Eluru districts of Andhra Pradesh, and covering an area of 1,012.86 km2 (391.07 mi2). It is an Important Bird and Biodiversity Area and home to some endangered species of flora and fauna. No part of Papikonda remains outside East and West Godavari districts after 2014 and the construction of Polavaram Dam.",,,,,India,film,Q138894553,2026-09-07
252,Lepakshi,Anantapur,Andhra Pradesh,Southern,,,,Site,0.0,,4.6,,,,Yes,All,Historical,16th century,,"village in Lepakshi mandal, Sri Sathya Sai district, Andhra Pradesh, India",,,,,India,village in india,Q2350184,2026-09-07
253,Belum Caves,Kurnool,Andhra Pradesh,Southern,15.1025794,78.1115072,Natural Landscapes & Wildlife,Cave,65.0,4.0,4.4,,,,Yes,Afternoon,Natural Wonder,Unknown,,"caves and archaeological site in Nandyal district, Andhra Pradesh, India",,,outdoor,,India,show cave,Q723862,2026-09-07
254,Amaravathi Temple,Amravati,Andhra Pradesh,Southern,,,,Temple,0.0,1.0,4.7,,,,No,All,Religious,Unknown,,,,,,,India,,NOT_FOUND,2026-09-07
255,Uppalapadu Bird Sanctuary,Guntur,Andhra Pradesh,Southern,,,,Bird Sanctuary,10.0,4.0,4.4,,,,Yes,All,Wildlife,Unknown,,"The Uppalapadu Bird Sanctuary is located in Uppalapadu, near Guntur City, India. Painted storks, spot-billed pelicans and other birds that migrate from various countries such as Siberia and Australia use the village water tanks for nesting.",,,,,India,,NOT_FOUND,2026-09-07
256,Gandikota Fort,Kadapa,Andhra Pradesh,Southern,,,,Fort,0.0,2.5,4.5,,,,Yes,Morning,Historical,12th century,,building in India,,,outdoor,,India,fort,Q17351034,2026-09-07
257,Prasanthi Nilayam,Puttaparthi,Andhra Pradesh,Southern,,,,Spiritual Center,0.0,,4.7,,,,Yes,All,Religious,1950,,"main ashram of Sathya Sai Baba located in the village of Puttaparthi in Anantapur district, Andhra Pradesh, India",,,,,India,,Q3269284,2026-09-07
258,Simhachalam Temple,Vizianagaram,Andhra Pradesh,Southern,,,,Temple,0.0,1.0,4.7,,,,No,All,Religious,198,,"Hindu temple in Andhra Pradesh, India",,,indoor,,India,temple,Q2620389,2026-09-07
259,Kailasagiri,Visakhapatnam,Andhra Pradesh,Southern,17.7492105,83.3418016,"Adventure & Outdoor Activities, Natural Landscapes & Wildlife",Hill,0.0,4.0,4.5,,,,Yes,All,Recreational,Unknown,,"park in Visakhapatnam, India",,,outdoor,,India,park,Q17061607,2026-09-07
260,Submarine Museum,Visakhapatnam,Andhra Pradesh,Southern,15.9128998,79.7399875,Sightseeing & Exploration,Museum,40.0,2.0,4.6,,,,Yes,All,Historical,22,,"museum in Klebang, Melaka, Malaysia",,,indoor,,India,museum,Q19646417,2026-09-07
261,Borra Caves,Visakhapatnam,Andhra Pradesh,Southern,18.2806929,83.0396992,"Adventure & Outdoor Activities, Natural Landscapes & Wildlife",Cave,60.0,4.0,4.5,,,,Yes,Afternoon,Natural Wonder,Unknown,,,,,,,India,,NOT_FOUND,2026-09-07
262,War Memorial,Visakhapatnam,Andhra Pradesh,Southern,15.9128998,79.7399875,Adventure & Outdoor Activities,War Memorial,0.0,,4.6,,,,Yes,All,Historical,Unknown,,"A war memorial is a building, monument, statue, or other edifice to celebrate a war or victory, or to commemorate those who died or were injured in a war.",,,,,India,,NOT_FOUND,2026-09-07
263,Indira Gandhi Zoological Park,Visakhapatnam,Andhra Pradesh,Southern,17.765657,83.3488338,"Sightseeing & Exploration, Natural Landscapes & Wildlife",Zoo,20.0,4.0,4.1,,Monday,,Yes,Afternoon,Wildlife,1977,,"zoo in Visakhapatnam, India",,,,,India,zoo,Q6025038,2026-09-07
264,Matsyadarshini Aquarium,Visakhapatnam,Andhra Pradesh,Southern,15.9128998,79.7399875,Sightseeing & Exploration,Aquarium,20.0,2.0,3.8,,,,Yes,All,Recreational,Unknown,,,,,,,India,,NOT_FOUND,2026-09-07
265,Visakha Museum,Visakhapatnam,Andhra Pradesh,Southern,17.7205813,83.3345285,"Arts, Science & Literature Attractions, Sightseeing & Exploration",Museum,10.0,2.0,4.3,,,,Yes,All,Cultural,1991,,"museum in Visakhapatnam, Andhra Pradesh, India",,,indoor,,India,museum,Q17027516,2026-09-07
266,Nathula Pass,Gangtok,Sikkim,Eastern,27.3865684,88.8308731,"Sightseeing & Exploration, Natural Landscapes & Wildlife",Hill,20.0,4.0,4.3,,,,Yes,Afternoon,Historical,Unknown,,"Nathu La is a mountain pass in the Dongkya Range of the Himalayas between China's Yadong County in Tibet, and the Indian states of Sikkim. The pass, at 4,310 m (14,140 ft), connects the towns of Kalimpong and Gangtok to the villages and towns of the lower Chumbi Valley.",,,,,India,,NOT_FOUND,2026-09-07
267,Pemayangtse Monastery,Pelling,Sikkim,Eastern,27.303354,88.253716,Cultural & Heritage Sites,Monastery,20.0,2.0,4.6,,,,No,Morning,Religious,1705,,"human settlement in Gyalshing, India",,,,,India,village in india,Q59863304,2026-09-07
268,Char Dham,Namchi,Sikkim,Eastern,27.3516407,88.3239309,Religious & Spiritual Pilgrimages,Religious Complex,50.0,,4.7,,,,No,All,Religious,211,,,,,,,India,,NOT_FOUND,2026-09-07
269,Rumtek Monastery,Gangtok,Sikkim,Eastern,27.3059105,88.5362892,Religious & Spiritual Pilgrimages,Monastery,10.0,,4.6,,,,No,Morning,Religious,1960s,,building in India,,,,,India,vihāra|tibetan buddhist monastery,Q1546234,2026-09-07
270,Buddha Park,Ravangla,Sikkim,Eastern,27.3143623,88.3632705,"Arts, Science & Literature Attractions",Park,50.0,2.0,4.8,,,,Yes,All,Cultural,213,,sculpture garden in Laos,,,outdoor,,India,sculpture garden,Q655853,2026-09-07
271,Baba Harbhajan Singh Temple,Gangtok,Sikkim,Eastern,,,,Temple,0.0,1.0,4.7,,,,No,All,Religious,1967,,Shrine and memorial of Baba Harbhajan Singh,,,indoor,,India,temple|shrine,Q109256058,2026-09-07
272,Tsomgo Lake,Gangtok,Sikkim,Eastern,,,,Lake,0.0,1.5,4.5,,,,Yes,Morning,Nature,Unknown,,"Tsomgo Lake, also known as Tsongmo Lake or Changgu Lake, is a glacial lake in Changu in the Gangtok district of the Indian state of Sikkim, some 40 kilometres (25 mi) from the capital Gangtok. Located at an elevation of 3,753 m (12,313 ft), the lake remains frozen during the winter season. The lake surface reflects different colours with change of seasons and is held in great reverence by the local Sikkimese people. Buddhist monks prognosticated after studying the changing colours of the lake.",,,,,India,,NOT_FOUND,2026-09-07
273,Kamakhya Temple,Guwahati,Assam,North Eastern,26.1664108,91.7055031,Religious & Spiritual Pilgrimages,Temple,0.0,1.0,4.6,,,,No,All,Religious,Unknown,,"Hindu temple in Assam, India",,,indoor,,India,hindu temple,Q3629418,2026-09-07
274,Kaziranga National Park,Kaziranga,Assam,North Eastern,26.6445044,93.3524858,Natural Landscapes & Wildlife,National Park,650.0,4.0,4.5,,,,No,Morning,Wildlife,1905,,,,,,,India,,NOT_FOUND,2026-09-07
275,Umananda Island,Guwahati,Assam,North Eastern,26.1964922,91.7449079,Natural Landscapes & Wildlife,Island,0.0,4.0,4.1,,,,Yes,Morning,Nature,Unknown,,"Umananda Island is the smallest inhabited river islet in the middle of river Brahmaputra, flowing through the city of Guwahati in Assam, a state in northeast India.",,,,,India,,NOT_FOUND,2026-09-07
276,Sivasagar Sivadol,Sivasagar,Assam,North Eastern,,,,Temple,0.0,1.0,4.7,,,,Yes,All,Historical,1734,,temple in India,,,indoor,,India,hindu temple,Q7506933,2026-09-07
277,Majuli Island,Majuli,Assam,North Eastern,,,,River Island,0.0,4.0,4.7,,,,Yes,Morning,Cultural,Unknown,,"island in Assam, Northeast India",,,outdoor,,India,river island,Q277552,2026-09-07
278,Manas National Park,Manas,Assam,North Eastern,,,,National Park,500.0,2.0,4.6,,,,Yes,Morning,Wildlife,1990,,"national park in Assam, India",,,outdoor,,India,national park,Q506511,2026-09-07
279,Hayagriva Madhava Temple,Hajo,Assam,North Eastern,,,,Temple,0.0,1.0,4.5,,,,Yes,All,Religious,Unknown,,temple in India,,,indoor,,India,hindu temple,Q6512504,2026-09-07
280,Pobitora Wildlife Sanctuary,Guwahati,Assam,North Eastern,26.2307847,92.0550609,Natural Landscapes & Wildlife,Wildlife Sanctuary,500.0,4.0,4.4,,,,Yes,All,Wildlife,1987,,"wildlife reserve in Assam, India",,,,,India,,Q7206203,2026-09-07
281,Tawang Monastery,Tawang,Arunachal Pradesh,North Eastern,27.5867261,91.8577194,"Cultural & Heritage Sites, Religious & Spiritual Pilgrimages",Monastery,0.0,2.0,4.7,,,,No,Morning,Religious,1680,,"Tawang Monastery is a Buddhist monastery located in Tawang, Arunachal Pradesh, India. It is the largest Buddhist monastery in the country. It is situated in the valley of the Tawang Chu, in close proximity to the Chinese and Bhutanese border.",,,,,India,,NOT_FOUND,2026-09-07
282,Ujjayanta Palace,Agartala,Tripura,North Eastern,23.8373503,91.2827128,Cultural & Heritage Sites,Palace,10.0,2.0,4.5,,Monday,,Yes,All,Historical,1901,,"state museum in Tripura, India",,,,,India,building,Q3360963,2026-09-07
283,Dumboor Lake,Dumboor,Tripura,North Eastern,,,,Lake,0.0,1.5,4.5,,,,Yes,Morning,Nature,Unknown,,,,,outdoor,,India,artificial lake,Q129664393,2026-09-07
284,Unakoti Rock Carvings,Unakoti,Tripura,North Eastern,,,,Rock Carvings,20.0,,4.5,,,,Yes,Morning,Historical,700,,,,,,,India,,NOT_FOUND,2026-09-07
285,Chitrakote Falls,Bastar,Chhattisgarh,Central,19.2071733,81.7000604,Natural Landscapes & Wildlife,Waterfall,0.0,4.0,4.6,,,,Yes,Morning,Nature,Unknown,,"The Chitrakote Falls is a natural waterfall on the Indravati River, located approximately 38 kilometres (24 mi) to the west of Jagdalpur, in Bastar district in the Indian state of Chhattisgarh.",,,,,India,,NOT_FOUND,2026-09-07
286,DzÃÂ¼kou Valley,DzÃÂ¼kou Valley,Nagaland,North Eastern,,,,Valley,0.0,,4.7,,,,Yes,Afternoon,Trekking,Unknown,,,,,,,India,,NOT_FOUND,2026-09-07
287,Promenade Beach,Puducherry,Puducherry,Southern,11.9312773,79.8358019,Natural Landscapes & Wildlife,Beach,0.0,4.0,4.5,,,,Yes,Morning,Recreational,Unknown,,human settlement in India,,,outdoor,,India,beach,Q16898816,2026-09-07
288,Auroville,Auroville,Puducherry,Southern,,,,Township,0.0,,4.1,,,,Yes,All,Cultural,1968,,experimental universal township in South India,,,,,India,city|intentional community,Q590361,2026-09-07
289,Paradise Beach,Puducherry,Puducherry,Southern,,,,Beach,200.0,3.0,4.5,,,,Yes,Morning,Recreational,Unknown,,album by Miki Matsubara,,,,,India,album,Q11239363,2026-09-07
290,Cellular Jail,Port Blair,Andaman and Nicobar Islands,Southern,,,,Landmark,30.0,,4.7,,Monday,,Yes,Afternoon,Historical,1906,,colonial prison in India,,,indoor,,India,defunct prison|prison museum,Q3345501,2026-09-07
291,Radhanagar Beach,Havelock Island,Andaman and Nicobar Islands,Southern,11.9844552,92.9508454,Natural Landscapes & Wildlife,Beach,0.0,4.0,4.8,,,,Yes,Morning,Nature,Unknown,,"beach on Havelock Island, India",,,outdoor,,India,beach,Q132189910,2026-09-07
292,Bharatpur Beach,Neil Island,Andaman and Nicobar Islands,Southern,11.8358457,93.0451011,Natural Landscapes & Wildlife,Beach,0.0,4.0,4.5,,,,Yes,Morning,Nature,Unknown,,,,,,,India,,NOT_FOUND,2026-09-07
293,Limestone Caves,Baratang Island,Andaman and Nicobar Islands,Southern,10.7448873,92.4999918,Natural Landscapes & Wildlife,Natural Feature,250.0,4.0,4.4,,,,Yes,Morning,Nature,Unknown,,,,,,,India,,NOT_FOUND,2026-09-07
294,Naida Caves,Diu,Daman and Diu,Western,20.7102563,70.980716,Natural Landscapes & Wildlife,Cave,0.0,4.0,4.5,,,,Yes,Afternoon,Nature,Unknown,,,,,,,India,,NOT_FOUND,2026-09-07
295,Diu Fort,Diu,Daman and Diu,Western,20.7186887,70.9876739,Cultural & Heritage Sites,Fort,0.0,2.0,4.6,,,,Yes,Afternoon,Historical,1535,,fort in India,,,outdoor,,India,fortress,Q5283746,2026-09-07
296,Baba Baidyanath Temple,Deoghar,Jharkhand,Eastern,24.4927645,86.7005212,Religious & Spiritual Pilgrimages,Temple,0.0,1.0,4.7,,,,Yes,All,Religious,Unknown,,,,,,,India,,NOT_FOUND,2026-09-07
297,Pahari Mandir,Ranchi,Jharkhand,Eastern,23.3754286,85.31075,Religious & Spiritual Pilgrimages,Temple,0.0,1.0,4.6,,,,Yes,All,Religious,Unknown,,Shiva temple at Ranchi,,,indoor,,India,hindu temple,Q85791801,2026-09-07
298,Mahabodhi Temple,Bodh Gaya,Bihar,Eastern,24.6959222,84.9914193,Religious & Spiritual Pilgrimages,Temple,0.0,1.0,4.7,,,,Yes,All,Religious,-260,,"Buddhist temple in Bodh Gaya, Bihar, India",,,indoor,,India,buddhist temple,Q4513,2026-09-07
299,Sanjay Gandhi Biological Park,Patna,Bihar,Eastern,25.5997345,85.0971767,Natural Landscapes & Wildlife,Zoo,30.0,4.0,4.3,,,,Yes,All,Wildlife,Unknown,,"zoo in Bihar, India",,,,,India,zoo,Q7418426,2026-09-07
300,Takhat Shri Harimandir Ji Patna Sahib,Patna,Bihar,Eastern,25.5960503,85.2299561,Religious & Spiritual Pilgrimages,Gurudwara,0.0,,4.7,,,,Yes,All,Religious,Unknown,,,,,,,India,,NOT_FOUND,2026-09-07
301,Budhha Smriti Park,Patna,Bihar,Eastern,25.6067139,85.1361502,Sightseeing & Exploration,Park,10.0,2.0,4.4,,,,Yes,All,Cultural,Unknown,,,,,,,India,,NOT_FOUND,2026-09-07
302,Kingdom of Dreams,Gurugram,Haryana,Northern,28.4678664,77.0688866,Adventure & Outdoor Activities,Entertainment,1100.0,,4.4,,Monday,,Yes,Afternoon,Entertainment,2010,,Live entertainment destination at Gurugram,,,,,India,venue,Q6412565,2026-09-07
303,Ambience Mall,Gurugram,Haryana,Northern,28.505504,77.095956,Shopping & Markets,Mall,0.0,1.5,4.6,,,,Yes,Afternoon,Shopping,Unknown,,building in India,,,,,India,,Q28153963,2026-09-07
304,DLF CyberHub,Gurugram,Haryana,Northern,,,,Commercial Complex,0.0,,4.7,,,,Yes,Afternoon,Entertainment,Unknown,,,,,,,India,,NOT_FOUND,2026-09-07
305,Gurudwara Bangla Sahib,New Delhi,Delhi,Northern,,,,Gurudwara,0.0,,4.8,,,,Yes,All,Religious,Unknown,,"gurdwara in Delhi, India",,,,,India,gurdwara,Q2375435,2026-09-07
306,Kedarnath,Kedarnath,Uttarakhand,Northern,30.7346267,79.0668943,Religious & Spiritual Pilgrimages,Temple,0.0,1.0,4.8,,,,No,All,Religious,Unknown,,male given name,,,,,India,male given name,Q21079792,2026-09-07
307,DLF Mall of India,Noida,Uttar Pradesh,Central,28.5673409,77.3211303,Shopping & Markets,Mall,0.0,1.5,4.6,,,,Yes,All,Shopping,2016,,"The DLF Mall of India is a shopping mall situated in Sector 18, Noida, Uttar Pradesh, India within Delhi NCR. The mall is spread over 7 floors, and includes 330 brands, 80 kiosks, 5 customized shopping zones, along with 75 food and beverages options and a movie theatre with 7 screens. Developed by DLF Limited, the mall was expected to be operational by December 2014, but it eventually opened for public in February 2016.",,,,,India,,NOT_FOUND,2026-09-07
308,The Grand Venice Mall,Greater Noida,Uttar Pradesh,Central,,,,Mall,0.0,,4.2,,,,Yes,All,Shopping,Unknown,,"shopping mall in Uttar Pradesh, India",,,,,India,shopping center,Q60785276,2026-09-07
309,Wonderla Amusement Park,Bengaluru,Karnataka,Southern,,,,Amusement Park,890.0,2.0,4.5,,,,Yes,All,Entertainment,2005,,,,,,,India,,NOT_FOUND,2026-09-07
310,Nandankanan Zoological Park,Bhubaneswar,Odisha,Eastern,,,,Zoo,50.0,3.0,4.4,,Monday,,Yes,Afternoon,Wildlife,1960,,"zoo and botanical garden in Bhubaneswar, Odisha, India",,,,,India,zoo,Q2275145,2026-09-07
311,Orion Mall,Bengaluru,Karnataka,Southern,,,,Mall,0.0,,4.5,,,,Yes,All,Shopping,2012,,"Shopping mall chain in Bangalore, Karnataka, India",,,,,India,shopping center,Q17081306,2026-09-07
312,Inorbit Mall Cyberabad,Hyderabad,Telangana,Southern,,,,Mall,0.0,,4.5,,,,Yes,All,Shopping,2004,,,,,,,India,,NOT_FOUND,2026-09-07
313,Jama Masjid,New Delhi,Delhi,Northern,,,,Mosque,0.0,1.0,4.5,,,,Yes,All,Historical,1656,,main mosque of a city or state,,,,,India,type of building,Q1454820,2026-09-07
314,Buddh International Circuit,Greater Noida,Uttar Pradesh,Central,,,,Race Track,1500.0,,4.6,,Sunday,,Yes,All,Sports,2011,,motorsport track in India,,,,,India,motorsport racing track,Q172906,2026-09-07
315,Phoenix Palassio,Lucknow,Uttar Pradesh,Central,,,,Mall,0.0,,4.6,,,,Yes,All,Shopping,2020,,,,,,,India,,NOT_FOUND,2026-09-07
316,LuLu International Shopping Mall,Kochi,Kerala,Southern,10.0578407,77.0660813,Shopping & Markets,Mall,0.0,1.5,4.6,,,,Yes,All,Shopping,2013,,"Lulu Mall may refer to:Lulu Mall, Kochi, located in Kochi, Kerala, India
Lulu Mall, Thiruvananthapuram, located in Thiruvananthapuram, Kerala, India
Lulu Mall, Palakkad, located in Palakkad, Kerala, India
Lulu Mall, Kozhikode, located in Kozhikode, Kerala, India
Lulu Mall, Lucknow, located in Lucknow, Uttar Pradesh, India
Lulu Mall, Hyderabad, located in Hyderabad, Telangana, India",,,,,India,,NOT_FOUND,2026-09-07
317,Rail Museum,New Delhi,Delhi,Northern,,,,Museum,50.0,2.0,4.4,,Monday,,Yes,Morning,Cultural,1977,,museum specializing in rail transport,,,indoor,,India,type of museum,Q18704634,2026-09-07
318,Living Root Bridge,Cherrapunji,Meghalaya,North Eastern,25.4670308,91.366216,Natural Landscapes & Wildlife,Natural Feature,0.0,4.0,4.6,,,,Yes,Morning,Nature,Unknown,,Type of pedestrian bridge made with live tree roots,,,,,India,,Q18349989,2026-09-07
319,Akshardham,Gandhinagar,Gujarat,Western,,,,Temple,0.0,1.0,4.6,,Monday,,No,All,Religious,1992,,"spiritual and cultural Mandir dedicated to devotion, learning and harmony",,,indoor,,India,temple,Q1849858,2026-09-07
320,Agra Fort,Agra,Uttar Pradesh,Central,27.1795328,78.021112,Cultural & Heritage Sites,Fort,40.0,2.0,4.5,,,,Yes,Afternoon,Historical,1565,,UNESCO World Heritage Site,,,outdoor,,India,fort,Q171857,2026-09-07
321,Madhya Pradesh Tribal Museum,Bhopal,Madhya Pradesh,Central,,,,Museum,10.0,2.0,4.7,,Monday,,Yes,All,Cultural,2013,,"museum of tribal art in Madhya Pradesh, India",,,indoor,,India,museum,Q115804588,2026-09-07
322,City Palace,Jaipur,Rajasthan,Northern,,,,Palace,200.0,2.0,4.4,,,,Yes,Morning,Historical,1727,,,,,,,India,,NOT_FOUND,2026-09-07
323,Albert Hall Museum,Jaipur,Rajasthan,Northern,,,,Museum,200.0,2.0,4.5,,,,Yes,All,Historical,1887,,,,,,,India,,NOT_FOUND,2026-09-07
324,Shopping at Sarojini Nagar,Delhi,Delhi,,28.5740324,77.1990669,Shopping & Markets,,0.0,1.5,4.2,,,,,,,,,,,,,,India,,NOT_FOUND,2026-09-07
325,NCPA Tiger safari at Borivali,Mumbai,Maharastra,,19.2307329,72.856673,Adventure & Outdoor Activities,,50.0,,4.3,,,,,,,,,,,,,,India,,NOT_FOUND,2026-09-07
326,Shopping at Colaba Causeway,Mumbai,Maharastra,,18.9246447,72.8321315,Shopping & Markets,,0.0,1.5,4.2,,,,,,,,,,,,,,India,,NOT_FOUND,2026-09-07
327,"Shopping at Linking road, Bandra",Mumbai,Maharastra,,19.0642357,72.8349124,Shopping & Markets,,0.0,1.5,4.2,,,,,,,,,,,,,,India,,NOT_FOUND,2026-09-07
328,"Phoenix marketcity Mall, Kurla",Mumbai,Maharastra,,19.0863795,72.8889774,Shopping & Markets,,0.0,1.5,4.5,,,,,,,,,,,,,,India,,NOT_FOUND,2026-09-07
329,"Jio world drive mall, BKC",Mumbai,Maharastra,,19.0543152,72.8515712,"Arts, Science & Literature Attractions",,0.0,,4.6,,,,,,,,,,,,,,India,,NOT_FOUND,2026-09-07
330,"Five gardens, Matunga",Mumbai,Maharastra,,19.019747,72.854312,Sightseeing & Exploration,,0.0,,4.1,,,,,,,,,,,,,,India,,NOT_FOUND,2026-09-07
331,Worli seaface,Mumbai,Maharastra,,19.0091432,72.8157283,Religious & Spiritual Pilgrimages,,0.0,,4.5,,,,,,,,,"Worli is a locality in central Mumbai, in Maharashtra, India. It is one of the four peninsulas of Mumbai, with the others being Colaba, Bandra, and Malabar Hill. The sea connects it with Vandre via the Bandra–Worli Sea Link. Historic spellings include Warli, Worlee, Varli, and Varel. Originally, Worli was a separate island—one of the Seven Islands of Bombay—which were ceded by the Portuguese to England in 1661; it was linked up with the other islands in the 19th century.",,,,,India,,NOT_FOUND,2026-09-07
332,TigerÂs Leap cliff top,Lonavala,Maharastra,,18.6961,73.3852,Sightseeing & Exploration,,0.0,,4.4,,,,,,,,,,,,,,India,,NOT_FOUND,2026-09-07
333,Duke's nose trail,Lonavala,Maharastra,,18.7323921,73.3678196,Adventure & Outdoor Activities,,0.0,,4.3,,,,,,,,,,,,,,India,,NOT_FOUND,2026-09-07
334,Adlabs Imagica,Lonavala,Maharastra,,18.7679396,73.2823206,Adventure & Outdoor Activities,,1149.0,,4.0,,,,,,,,,Theme Park,,,outdoor,,India,theme park,Q4683250,2026-09-07
335,Bhushi dam,Lonavala,Maharastra,,18.7224264,73.3962885,Natural Landscapes & Wildlife,,0.0,4.0,4.0,,,,,,,,,"dam in Lonavala, India",,,outdoor,,India,dam,Q18601901,2026-09-07
336,Sunset at Lion's point,Lonavala,Maharastra,,18.608297,73.3864648,Sightseeing & Exploration,,0.0,,4.0,,,,,,,,,,,,,,India,,NOT_FOUND,2026-09-07
337,Nehru Planetarium,Bangalore,Karnataka,,12.9779291,77.5951549,"Arts, Science & Literature Attractions",,35.0,,4.0,,,,,,,,,five planetariums in India,,,,,India,group of structures or buildings,Q6987903,2026-09-07
338,National Gallery of Modern Art,Bangalore,Karnataka,,12.5923,77.3517,Cultural & Heritage Sites,,20.0,2.0,4.3,,,,,,,,,"premier art gallery under Ministry of Culture, Government of India",,,indoor,,India,art museum|national museum,Q1338832,2026-09-07
339,Church street,Bangalore,Karnataka,,28.6101926,77.2344179,Sightseeing & Exploration,,0.0,,4.1,,,,,,,,,,,,,,India,,NOT_FOUND,2026-09-07
340,MG Road,Bangalore,Karnataka,,12.582568,77.364279,Sightseeing & Exploration,,0.0,,4.2,,,,,,,,,"road in Bengaluru, India",,,,,India,street,Q6720491,2026-09-07
341,Boating at Yediyur lake ,Bangalore,Karnataka,,12.9747587,77.6093926,Adventure & Outdoor Activities,,50.0,,4.2,,,,,,,,,,,,,,India,,NOT_FOUND,2026-09-07
342,Lad Bazaar ,Hyderabad,Telangana,,17.3973706,78.4001141,Shopping & Markets,,0.0,1.5,4.0,,,,,,,,,"Laad Bazaar or Churi Bazaar is a market located in Hyderabad, India on one of the four main roads that branch out from the Charminar.",,,,,India,,NOT_FOUND,2026-09-07
343,Infinite adventure club,Hyderabad,Telangana,,17.3483047,78.4425108,Adventure & Outdoor Activities,,1000.0,,4.4,,,,,,,,,,,,,,India,,NOT_FOUND,2026-09-07
344,Ganga aarti,Kolkata,West Bengal,,22.5578858,88.3511268,Religious & Spiritual Pilgrimages,,0.0,,4.6,,,,,,,,,,,,,,India,rite,Q89197047,2026-09-07
345,Birla Planetarium,Kolkata,West Bengal,,27.40364009,83.00912405,"Arts, Science & Literature Attractions",,100.0,,4.4,,,,,,,,,"planetarium museum in Kolkata, India",,,,,India,planetarium,Q4916536,2026-09-07
346,St.Pauls Cathedral,Kolkata,West Bengal,,22.5455141,88.3473163,Religious & Spiritual Pilgrimages,,0.0,,4.2,,,,,,,,,,,,,,India,,NOT_FOUND,2026-09-07
347,Tiretti Bazaar,Kolkata,West Bengal,,22.57285,88.356,Shopping & Markets,,0.0,1.5,4.1,,,,,,,,,"Tiriti Bazaar, also known as Chinatown, & also spelled as Tiretta Bazaar is a neighborhood near Lalbazar in Central Kolkata. It is usually called Old China Market. The locality was once home to 20,000 ethnic Chinese Indian nationals, but now the population has dropped to approximately 2,000. Most of the Hakka Chinese people in the area moved closer to Tangra. The traditional occupation of the Chinese Indian community in Kolkata had been working in the nearby tanning industry as well as in Chines",,,,,India,,NOT_FOUND,2026-09-07
348,Princep Ghat,Kolkata,West Bengal,,22.5739086,88.3555988,Cultural & Heritage Sites,,0.0,2.0,4.3,,,,,,,,,"ghat of Kolkata, West Bengal, India",,,outdoor,,India,ghat,Q7245233,2026-09-07
349,Kumartali potter's quarter,Kolkata,West Bengal,,22.5552828,88.3311699,"Arts, Science & Literature Attractions",,0.0,,4.4,,,,,,,,,,,,,,India,,NOT_FOUND,2026-09-07
350,Shopping at Chamba lama,Kolkata,West Bengal,,22.6000017,88.3612679,Shopping & Markets,,0.0,1.5,4.3,,,,,,,,,,,,,,India,,NOT_FOUND,2026-09-07
351,Burra Bazaar,Kolkata,West Bengal,,22.5599918,88.3531374,Shopping & Markets,,0.0,1.5,4.0,,,,,,,,,,,,,,India,,NOT_FOUND,2026-09-07
352,Candolim Beach,Goa,Goa,,15.5552787,73.7517307,Natural Landscapes & Wildlife,,0.0,4.0,4.4,,,,,,,,,"Candolim is a census town in North Goa and is located in the Bardez taluka in the state of Goa, India. It is situated just south of Calangute Beach and North of Sinquerim.",,,,,India,,NOT_FOUND,2026-09-07
353,Fontainhas colony,Panjim,Goa,,15.5179749,73.7626122,Cultural & Heritage Sites,,0.0,2.0,4.2,,,,,,,,,,,,,,India,,NOT_FOUND,2026-09-07
354,Shopping at M.G.Road,Panjim,Goa,,15.4941033,73.8300775,Shopping & Markets,,0.0,1.5,4.1,,,,,,,,,,,,,,India,,NOT_FOUND,2026-09-07
355,Gallery Gitanjali,Panjim,Goa,,12.9747587,77.6093926,"Arts, Science & Literature Attractions",,0.0,,4.5,,,,,,,,,,,,,,India,,NOT_FOUND,2026-09-07
356,Our Lady of Immaculate Conception Church,Panjim,Goa,,15.4986,73.8294,Religious & Spiritual Pilgrimages,,0.0,,4.4,,,,,,,,,"church building in Piranga, Brazil",,,indoor,"Praça Coronel Amantino, Piranga, MG, 36480-000",India,church building,Q141121312,2026-09-07
357,Old Goa,Goa,Goa,,15.5014,73.9135,Cultural & Heritage Sites,,0.0,2.0,4.5,,,,,,,,,"ancient city in Ilhas district, Goa",,,,,India,ancient city|human settlement,Q553907,2026-09-07
358,Statue of Unity,Ahemdabad,Gujrat,,10.1335031,76.6860267,Cultural & Heritage Sites,,120.0,2.0,4.6,,,,,,,,,"statue of Vallabhbhai Patel at the bank of Narmada river, Gujarat, India",,,,,India,statue|colossal statue,Q7604504,2026-09-07
359,Jhulta Minara,Ahemdabad,Gujrat,,21.8380184,73.7190728,Cultural & Heritage Sites,,0.0,2.0,4.1,,,,,,,,,,,,,,India,,NOT_FOUND,2026-09-07
360,Auto World Vintage Car Museum,Ahemdabad,Gujrat,,23.0236789,72.5998114,"Arts, Science & Literature Attractions",,100.0,,4.4,,,,,,,,,,,,,,India,,NOT_FOUND,2026-09-07
361,Dwarka Beach & Lighthouse,Dwarka,Gujrat,,23.0358621,72.5701089,Natural Landscapes & Wildlife,,0.0,4.0,4.6,,,,,,,,,,,,,,India,,NOT_FOUND,2026-09-07
362,Rukmini Devi Mandir,Dwarka,Gujrat,,22.2441975,68.9684562,Religious & Spiritual Pilgrimages,,0.0,,4.6,,,,,,,,,,,,,,India,,NOT_FOUND,2026-09-07
363,Shri Nageshwar Jyotirling,Dwarka,Gujrat,,22.2573143,68.9644191,Religious & Spiritual Pilgrimages,,0.0,,4.7,,,,,,,,,,,,,,India,,NOT_FOUND,2026-09-07
364,Mahabat Maqbara Palace,Junagadh,Gujrat,,22.2371082,68.9676255,Cultural & Heritage Sites,,0.0,2.0,4.4,,,,,,,,,"mausoleum complex in Junagadh, Gujarat, India",,,indoor,,India,mausoleum,Q6732703,2026-09-07
365,Uparkot Fort,Junagadh,Gujrat,,21.5275733,70.4599927,Cultural & Heritage Sites,,5.0,2.0,4.3,,,,,,,,,"fort in Junagadh, Gujarat, India",,,outdoor,,India,fort,Q39046354,2026-09-07
366,Sakkarbaug Zoological Park,Junagadh,Gujrat,,21.5247475,70.4700532,Natural Landscapes & Wildlife,,20.0,4.0,4.3,,,,,,,,,,,,,,India,,NOT_FOUND,2026-09-07
367,Aina Mahal Palace,Bhuj,Gujrat,,21.0842848,70.7944414,Cultural & Heritage Sites,,20.0,2.0,4.2,,,,,,,,,,,,,,India,,NOT_FOUND,2026-09-07
368,Bhuj Mandir,Bhuj,Gujrat,,23.2553595,69.6685614,Religious & Spiritual Pilgrimages,,0.0,,4.7,,,,,,,,,,,,,,India,,NOT_FOUND,2026-09-07
369,Chhatardi Bhuj,Bhuj,Gujrat,,23.2419997,69.6669324,Cultural & Heritage Sites,,0.0,2.0,4.4,,,,,,,,,,,,,,India,,NOT_FOUND,2026-09-07
370,Vande Mataram Memorial,Bhuj,Gujrat,,23.2457731,69.6581727,Cultural & Heritage Sites,,100.0,2.0,4.6,,,,,,,,,,,,,,India,,NOT_FOUND,2026-09-07
371,Sayaji Baug Zoo,Vadodara,Gujrat,,22.3115,73.19,Natural Landscapes & Wildlife,,20.0,4.0,4.4,,,,,,,,,,,,,,India,zoo,Q128015910,2026-09-07
372,Inorbit Mall Vadodara,Vadodara,Gujrat,,22.3114569,73.191386,Shopping & Markets,,0.0,1.5,4.5,,,,,,,,,,,,,,India,,NOT_FOUND,2026-09-07
373,Baroda Museum &Gallery,Vadodara,Gujrat,,22.3223271,73.1655842,"Arts, Science & Literature Attractions",,5.0,,4.5,,,,,,,,,,,,,,India,,NOT_FOUND,2026-09-07
374,BAPS Shri Swaminarayan Mandir,Vadodara,Gujrat,,22.3117697,73.1887449,Religious & Spiritual Pilgrimages,,0.0,,4.5,,,,,,,,,"Bochasanwasi Akshar Purushottam Swaminarayan Sanstha, short BAPS, is a Hindu denomination within the Swaminarayan Sampradaya. It was formed in 1905 by Shastri Yagnapurushdas following his conviction that the yogi Swaminarayan remained present on earth through a lineage of gurus starting with Gunatitanand Swami. As of August 2016, Mahant Swami Maharaj is the 6th guru and president of BAPS.",,,,,India,,Q106807864,2026-09-07
375,Mandvi Gate,Vadodara,Gujrat,,22.3001,73.2106,Cultural & Heritage Sites,,0.0,2.0,4.4,,,,,,,,,"gate to the old city area of Vadodara, India",,,,,India,city gate,Q2768277,2026-09-07
376,Somnath Beach,Somnath,Gujrat,,22.2935993,73.1919074,Religious & Spiritual Pilgrimages,,0.0,,4.5,,,,,,,,,,,,,,India,,NOT_FOUND,2026-09-07
377,Adalaj Stepwell,Gandhinagar,Gujrat,,20.8879899,70.4012569,Cultural & Heritage Sites,,0.0,2.0,4.5,,,,,,,,,"Adalaj Stepwell or Rudabai Stepwell is a stepwell located in the small town of Adalaj, close to Gandhinagar capital of Indian state Gujarat. It was built in 1498 in the memory of Rana Veer Singh of the Vaghela dynasty.",,,,,India,,NOT_FOUND,2026-09-07
378,Sarita Udyan,Gandhinagar,Gujrat,,23.1667825,72.580464,Sightseeing & Exploration,,0.0,,4.4,,,,,,,,,,,,,,India,,NOT_FOUND,2026-09-07
379,Swaminarayan Akshardham,Gandhinagar,Gujrat,,23.2031524,72.6589384,Religious & Spiritual Pilgrimages,,0.0,,4.6,,,,,,,,,"spiritual and cultural Mandir dedicated to devotion, learning and harmony",,,indoor,,India,temple,Q1849858,2026-09-07
380,Birla Mandir,Jaipur,Rajasthan,,23.0714235,72.5167854,Religious & Spiritual Pilgrimages,,0.0,,4.6,,,,,,,,,"Hindu temple in Hyderabad, India",,,indoor,,India,temple,Q4916532,2026-09-07
381,Shree Khole Ki Hanuman Mandir,Jaipur,Rajasthan,,26.907524,75.739639,Religious & Spiritual Pilgrimages,,0.0,,4.8,,,,,,,,,,,,,,India,,NOT_FOUND,2026-09-07
382,Cental Park,Jaipur,Rajasthan,,26.9049,75.8087,Natural Landscapes & Wildlife,,0.0,4.0,4.6,,,,,,,,,,,,,,India,,NOT_FOUND,2026-09-07
383,Moti Dungri Ganesh Ji Temple,Jaipur,Rajasthan,,26.8947,75.8167,Religious & Spiritual Pilgrimages,,0.0,,4.8,,,,,,,,,,,,,,India,,NOT_FOUND,2026-09-07
384,Jantar Mantar,Jaipur,Rajasthan,,26.8946582,75.8167154,"Arts, Science & Literature Attractions",,0.0,,4.5,,,,,,,,,name of specific instruments in India,,,,,India,,Q12816495,2026-09-07
385,Amber Palace,Jaipur,Rajasthan,,28.6270547,77.2166267,Cultural & Heritage Sites,,0.0,2.0,4.6,,,,,,,,,"fort and palace in Rajasthan, India",,,indoor,,India,palace|fortress,Q456817,2026-09-07
386,Jagdish Temple,Udaipur,Rajasthan,,24.572,73.679,Religious & Spiritual Pilgrimages,,0.0,,4.7,,,,,,,,,building in India,,,indoor,,India,hindu temple,Q6122350,2026-09-07
387,Ambrai Ghat,Udaipur,Rajasthan,,24.5796536,73.6836153,Sightseeing & Exploration,,0.0,,4.7,,,,,,,,,"main ghat of Lake Pichola in Udaipur, India",,,outdoor,,India,ghat,Q29467437,2026-09-07
388,Saheliyon ki Bari,Udaipur,Rajasthan,,24.5775547,73.6799021,Natural Landscapes & Wildlife,,50.0,4.0,4.4,,,,,,,,,Summer area built in 18th century by the Maharana Sangram Singh for his wife and her 48 wedding maids.,,,,,India,,Q7399592,2026-09-07
389,Sajjangarh Monsoon Palace,Udaipur,Rajasthan,,24.6030064,73.6854901,Cultural & Heritage Sites,,110.0,2.0,4.4,,,,,,,,,,,,,,India,,NOT_FOUND,2026-09-07
390,Bagore ki Haveli,Udaipur,Rajasthan,,24.5931853,73.6396056,Cultural & Heritage Sites,,30.0,2.0,4.5,,,,,,,,,,,,,,India,,NOT_FOUND,2026-09-07
391,Karni Mata Temple,Udaipur,Rajasthan,,24.5800483,73.6822576,Religious & Spiritual Pilgrimages,,0.0,,4.0,,,,,,,,,temple in India,,,indoor,,India,hindu temple,Q15233884,2026-09-07
392,Patwa Haweli,Jaisalmer,Rajasthan,,26.9164,70.9143,Cultural & Heritage Sites,,40.0,2.0,4.3,,,,,,,,,,,,,,India,,NOT_FOUND,2026-09-07
393,Longewala War memorial,Jaisalmer,Rajasthan,,26.911661,70.922928,Cultural & Heritage Sites,,50.0,2.0,4.8,,,,,,,,,,,,,,India,,NOT_FOUND,2026-09-07
394,Gadisar Lake,Jaisalmer,Rajasthan,,27.5229395,70.1564799,"Natural Landscapes & Wildlife, Sightseeing & Exploration",,0.0,4.0,4.4,,,,,,,,,"lake in Jaisalmer, Rajasthan, India",,,outdoor,,India,lake,Q33254216,2026-09-07
395,Trinetra Ganesh Temple,Ranthambore,Rajasthan,,26.9124555,70.9126093,Religious & Spiritual Pilgrimages,,0.0,,4.7,,,,,,,,,First Trinetra Ganesh Temple of India,,,indoor,,India,hindu temple,Q122225282,2026-09-07
396,Ranthambore Fort,Ranthambore,Rajasthan,,26.0174913,76.4532362,Cultural & Heritage Sites,,0.0,2.0,4.5,,,,,,,,,"Ranthambore Fort lies within the Ranthambore National Park, near the city of Sawai Madhopur in Sawai Madhopur district of Rajasthan, India. The park being the former hunting grounds of the Maharajas of Jaipur until the time of India's Independence. It is a formidable fort, having been a focal point of the historical developments of Rajasthan. The fort provides a panoramic view of the surrounding Ranthambore National Park and is now a popular tourist attraction.",,,,,India,,NOT_FOUND,2026-09-07
397,Ranthambore National Park,Ranthambore,Rajasthan,,26.0207552,76.4549695,"Natural Landscapes & Wildlife, Sightseeing & Exploration",,500.0,4.0,4.6,,,,,,,,,"national park in Rajasthan, India",,,outdoor,,India,national park,Q1466242,2026-09-07
398,Adhai Din ka Jhopra,Ajmer,Rajasthan,,25.9775867,76.5532869,Cultural & Heritage Sites,,50.0,2.0,4.4,,,,,,,,,,,,,,India,,NOT_FOUND,2026-09-07
399,Anasagar Lake,Ajmer,Rajasthan,,26.455216,74.6251458,"Natural Landscapes & Wildlife, Sightseeing & Exploration",,0.0,4.0,4.5,,,,,,,,,,,,,,India,,NOT_FOUND,2026-09-07
400,Khwaja Gharib Nawaz Dargah ,Ajmer,Rajasthan,,26.4745925,74.6195474,Religious & Spiritual Pilgrimages,,0.0,,4.6,,,,,,,,,,,,,,India,,NOT_FOUND,2026-09-07
401,Jaswant Thada,Jodhpur,Rajasthan,,21.0105397,75.5520299,Cultural & Heritage Sites,,30.0,2.0,4.4,,,,,,,,,"cenotaph in Jodhpur, Rajasthan, India",,,,,India,,Q2757674,2026-09-07
402,Umaid Bhawan Palace,Jodhpur,Rajasthan,,26.3040998,73.0253613,Cultural & Heritage Sites,,50.0,2.0,4.5,,,,,,,,,"palace, located at Jodhpur in Rajasthan, India",,,,,India,built structure,Q2307382,2026-09-07
403,Nakki Lake,Mount Abu,Rajasthan,,26.2978267,73.0180132,"Natural Landscapes & Wildlife, Sightseeing & Exploration",,0.0,4.0,4.4,,,,,,,,,lake in India,,,outdoor,,India,lake,Q7334956,2026-09-07
404,Sunset Point,Mount Abu,Rajasthan,,24.5945112,72.7062297,"Natural Landscapes & Wildlife, Sightseeing & Exploration",,0.0,4.0,0.4,,,,,,,,,"building in Eagle River, Wisconsin, United States",,,,1024 Everett Road,India,vacation property,Q7641338,2026-09-07
405,Nahargarh Fort,Jaipur,Rajasthan,,24.609382,72.7229797,Cultural & Heritage Sites,,100.0,2.0,4.6,,,,,,,,,"hill fort in Jaipur, Rajasthan, India",,,outdoor,,India,fort,Q2723401,2026-09-07
406,Sadda Pind,Amritsar,Punjab,,31.63398,74.872261,Cultural & Heritage Sites,,700.0,2.0,4.3,,,,,,,,,"hotel in Amritsar, India",,,,,India,hotel,Q111402615,2026-09-07
407,Gobind Garh Fort,Amritsar,Punjab,,31.644012,74.8131795,Cultural & Heritage Sites,,250.0,2.0,4.3,,,,,,,,,,,,,,India,,NOT_FOUND,2026-09-07
408,Shri Durgiana Temple,Amritsar,Punjab,,31.6276227,74.8580233,Religious & Spiritual Pilgrimages,,0.0,,4.7,,,,,,,,,,,,,,India,,NOT_FOUND,2026-09-07
409,Shree Harminder Sahib Gurudwara,Amritsar,Punjab,,31.6271534,74.8673445,Religious & Spiritual Pilgrimages,,0.0,,4.9,,,,,,,,,,,,,,India,,NOT_FOUND,2026-09-07
410,The Partition Museum,Amritsar,Punjab,,31.6199803,74.8764849,"Arts, Science & Literature Attractions",,50.0,,4.6,,,,,,,,,,,,,,India,,NOT_FOUND,2026-09-07
411, Japanese Garden,Chandigarh,Punjab,,31.6048388,74.5740775,"Cultural & Heritage Sites, Natural Landscapes & Wildlife",,0.0,4.0,4.3,,,,,,,,,type of traditional garden,,,outdoor,,India,type of garden,Q15835,2026-09-07
412,Sector 17 Market,Chandigarh,Punjab,,30.7395,76.7825,Shopping & Markets,,0.0,1.5,4.4,,,,,,,,,,,,,,India,,NOT_FOUND,2026-09-07
413,ISKON temple,Chandigarh,Punjab,,30.739471,76.7825333,Religious & Spiritual Pilgrimages,,0.0,,4.8,,,,,,,,,,,,,,India,,NOT_FOUND,2026-09-07
414,Terraced garden,Chandigarh,Punjab,,30.7144,76.7716,Natural Landscapes & Wildlife,,0.0,4.0,4.5,,,,,,,,,"public garden in Chandigarh, India",,,,,India,,Q124650545,2026-09-07
415,Government museum & Art gallery,Chandigarh,Punjab,,30.445473,76.471285,"Arts, Science & Literature Attractions",,60.0,,4.4,,,,,,,,,,,,,,India,,NOT_FOUND,2026-09-07
416,Sukhna Lake,Chandigarh,Punjab,,13.0716298,80.2567955,Natural Landscapes & Wildlife,,0.0,4.0,4.6,,,,,,,,,"reservoir in Chandigarh, India",,,outdoor,,India,reservoir,Q7333197,2026-09-07
417,Shree Krishna Swamy Temple,Alappuzha,Kerala,,30.752535,76.8101038,Religious & Spiritual Pilgrimages,,0.0,,4.6,,,,,,,,,,,,,,India,,NOT_FOUND,2026-09-07
418,Marari Beach,Alappuzha,Kerala,,9.6008,76.2983,Natural Landscapes & Wildlife,,0.0,4.0,4.5,,,,,,,,,"Beach in Kerala, India",,,,,India,,Q6754857,2026-09-07
419,International Coi Museum,Alappuzha,Kerala,,9.6007506,76.2982585,"Arts, Science & Literature Attractions",,0.0,,4.3,,,,,,,,,,,,,,India,,NOT_FOUND,2026-09-07
420,Alleppey Backwater,Alappuzha,Kerala,,9.5239,76.3568,Natural Landscapes & Wildlife,,0.0,4.0,4.6,,,,,,,,,,,,,,India,,NOT_FOUND,2026-09-07
421,Chakkulathukavu Sree Bhagwathi Temple,Alappuzha,Kerala,,9.5238612,76.3567633,Religious & Spiritual Pilgrimages,,0.0,,4.3,,,,,,,,,,,,,,India,,NOT_FOUND,2026-09-07
422,Mannarasala Sree Nagaraja Temple,Alappuzha,Kerala,,9.3669421,76.5141883,Religious & Spiritual Pilgrimages,,0.0,,4.3,,,,,,,,,,,,,,India,,NOT_FOUND,2026-09-07
423,St.Andrew's Basilica,Alappuzha,Kerala,,9.2896809,76.4456832,Religious & Spiritual Pilgrimages,,0.0,,4.7,,,,,,,,,,,,,,India,,NOT_FOUND,2026-09-07
424,Pothamedu View Point,Munnar,Kerala,,9.4927482,76.3177759,Sightseeing & Exploration,,0.0,,4.2,,,,,,,,,,,,,,India,,NOT_FOUND,2026-09-07
425,Eravikulam National Park,Munnar,Kerala,,10.0596918,77.064076,Natural Landscapes & Wildlife,,125.0,4.0,4.3,,,,,,,,,national park in India,,,outdoor,,India,national park,Q1194252,2026-09-07
426,Mattupetty Dam,Munnar,Kerala,,10.1453912,77.0366346,Sightseeing & Exploration,,0.0,,4.2,,,,,,,,,"dam in Kerala, India",,,outdoor,,India,dam,Q3531035,2026-09-07
427,National Shrine Basilica of our Lady of Ransom,Kochi,Kerala,,10.0271483,76.3081856,Religious & Spiritual Pilgrimages,,0.0,,4.8,,,,,,,,,,,,,,India,,NOT_FOUND,2026-09-07
428,Mattancherry Palace,Kochi,Kerala ,,9.9583,76.2594,Cultural & Heritage Sites,,2.0,2.0,4.2,,,,,,,,,"Palace in Ernakulam district, Keralam, India",,,indoor,,India,palace,Q1267941,2026-09-07
429,Marine Drive Kochi,Kochi,Kerala,,9.9582773,76.2593508,Sightseeing & Exploration,,0.0,,4.3,,,,,,,,,,,,,,India,,NOT_FOUND,2026-09-07
430,Chottanikara Bhagvathy Temple,Kochi,Kerala,,9.9771685,76.2773228,Religious & Spiritual Pilgrimages,,0.0,,5.0,,,,,,,,,,,,,,India,,NOT_FOUND,2026-09-07
431,Hill Palace Museum,Kochi,Kerala,,9.9331743,76.3905714,Cultural & Heritage Sites,,0.0,2.0,4.3,,,,,,,,,,,,,,India,,NOT_FOUND,2026-09-07
432,Cherai Beach,Kochi,Kerala,,9.952749,76.3638016,Natural Landscapes & Wildlife,,0.0,4.0,4.0,,,,,,,,,"Beach in Ernakulam district, Kerala, India",,,outdoor,,India,beach,Q10957902,2026-09-07
433,Attukal Bhagwathy Temple,Thiruvanthapuram,Kerala,,9.9657787,76.2421147,Religious & Spiritual Pilgrimages,,0.0,,4.6,,,,,,,,,,,,,,India,,NOT_FOUND,2026-09-07
434,Kovalam Beach,Thiruvanthapuram,Kerala,,8.4698623,76.9554858,Natural Landscapes & Wildlife,,0.0,4.0,4.4,,,,,,,,,branch post office in Thiruvananthapuram district,,,,,India,branch post office,Q71537662,2026-09-07
435,Thiruvanthapuram Zoological park,Thiruvanthapuram,Kerala,,8.3837841,76.9804176,Natural Landscapes & Wildlife,,200.0,4.0,4.2,,,,,,,,,,,,,,India,,NOT_FOUND,2026-09-07
436,Kanakakkunnu Palace,Thiruvanthapuram,Kerala,,8.5105939,76.9549377,Cultural & Heritage Sites,,0.0,2.0,4.5,,,,,,,,,"Palace in Thiruvananthapuram district, Keralam, India",,,outdoor,,India,heritage monument,Q2812739,2026-09-07
437,Veli Lake Tourist Village,Thiruvanthapuram,Kerala,,8.5107183,76.9581858,Sightseeing & Exploration,,0.0,,4.2,,,,,,,,,,,,,,India,,NOT_FOUND,2026-09-07
438,Napier Museum,Thiruvanthapuram,Kerala,,8.5080206,76.8886702,"Arts, Science & Literature Attractions",,70.0,,4.4,,,,,,,,,,,,,,India,,NOT_FOUND,2026-09-07
439,HiLITE mall,Kozhikode,Kerala,,8.4827779,76.9435906,Shopping & Markets,,0.0,1.5,4.2,,,,,,,,,building in India,,,,,India,shopping center,Q5761882,2026-09-07
440,Mittayi Theravu -SM Street,Kozhikode,Kerala,,11.2486583,75.833473,Shopping & Markets,,0.0,1.5,4.5,,,,,,,,,,,,,,India,,NOT_FOUND,2026-09-07
441,Tali Maha Shiva Kshetram,Kozhikode,Kerala,,11.2507622,75.7815607,Religious & Spiritual Pilgrimages,,0.0,,4.7,,,,,,,,,,,,,,India,,NOT_FOUND,2026-09-07
442,Sargaalaya Kerala Arts& Crafts village,Kozhikode,Kerala,,11.2479375,75.7875625,"Arts, Science & Literature Attractions",,50.0,,4.3,,,,,,,,,,,,,,India,,NOT_FOUND,2026-09-07
443,Lakkidi View point,Wayanad,Kerala,,11.2626228,75.7673095,Sightseeing & Exploration,,0.0,,4.5,,,,,,,,,,,,,,India,,NOT_FOUND,2026-09-07
444,Edakkal Caves,Wayanad,Kerala,,11.5121995,76.0189339,Natural Landscapes & Wildlife,,70.0,4.0,4.1,,,,,,,,,"Caves in Wayanad district, Keralam, India",,,outdoor,,India,cave with prehistoric art,Q2372682,2026-09-07
445,"Karapuzha Dam, adventure park, garden",Wayanad,Kerala,,11.6268407,76.234269,Adventure & Outdoor Activities,,0.0,,4.4,,,,,,,,,,,,,,India,,NOT_FOUND,2026-09-07
446,Muzhappilangad Beach,Kannur,Kerala,,11.6716011,76.3686564,Natural Landscapes & Wildlife,,0.0,4.0,4.4,,,,,,,,,"Beach in Kannur district, Keralam, India",,,outdoor,,India,tourist destination|beach,Q12062240,2026-09-07
447,Parassini Madappura Sree Muthappan Temple,Kannur,Kerala,,11.7932037,75.4441073,Religious & Spiritual Pilgrimages,,0.0,,4.4,,,,,,,,,,,,,,India,,NOT_FOUND,2026-09-07
448,Shri Chamundeshwari Temple,Mysore,Karnataka,,12.8349095,77.4009409,Religious & Spiritual Pilgrimages,,0.0,,4.7,,,,,,,,,,,,,,India,,NOT_FOUND,2026-09-07
449,Chamundi Betta,Mysore,Karnataka,,12.2725036,76.6707154,Natural Landscapes & Wildlife,,0.0,4.0,4.7,,,,,,,,,,,,,,India,branch post office,Q71596090,2026-09-07
450,Lokaranjan Aqua World Underwater zoo,Mysore,Karanataka,,12.2731672,76.6707435,Natural Landscapes & Wildlife,,200.0,4.0,4.6,,,,,,,,,,,,,,India,,NOT_FOUND,2026-09-07
451,Mysuru Railway museum,Mysore,Karanataka,,12.304807,76.6638086,"Arts, Science & Literature Attractions",,50.0,,4.4,,,,,,,,,"railway museum in Mysuru, Karnataka, India",,,indoor,"K.R.S. Road, Medar Block, Yadavagiri, Mysuru, Karnataka 570005, India",India,railway museum,Q7284181,2026-09-07
452,"Karanji Lake, boating, bird sanctuary",Mysore,Karnataka,,12.3163393,76.643323,"Natural Landscapes & Wildlife, Adventure & Outdoor Activities",,0.0,4.0,4.0,,,,,,,,,,,,,,India,,NOT_FOUND,2026-09-07
453,Virupaksha Temple,Hampi,Karanataka,,12.305163,76.6551749,Religious & Spiritual Pilgrimages,,0.0,,4.7,,,,,,,,,Hindu temple in India,,,indoor,,India,hindu temple|gopuram,Q2502406,2026-09-07
454,Stone Chariot,Hampi,Karnataka,,15.3351333,76.4586529,Cultural & Heritage Sites,,0.0,2.0,4.8,,,,,,,,,ASI protected monument in Bishnupur,,,,,India,ratha,Q56159189,2026-09-07
455,Mathanga Hill,Hampi,Karanataka,,15.3316,76.4682,Natural Landscapes & Wildlife,,0.0,4.0,4.8,,,,,,,,,,,,,,India,,NOT_FOUND,2026-09-07
456,Shree Vijaya Vitthala Temple,Hampi,Karnataka,,15.3316387,76.4682381,Religious & Spiritual Pilgrimages,,0.0,,4.8,,,,,,,,,,,,,,India,,NOT_FOUND,2026-09-07
457,Group of monuments at Hampi,Hampi,Karnataka,,15.3423099,76.475235,Cultural & Heritage Sites,,30.0,2.0,4.7,,,,,,,,,"ancient and medieval monuments, a UNESCO World Heritage Site in Karnataka, India",,,outdoor,,India,archaeological site,Q26732,2026-09-07
458,Lotus Mahal,Hampi,Karnataka,,15.3349769,76.4619233,Cultural & Heritage Sites,,50.0,2.0,4.6,,,,,,,,,,,,,,India,,NOT_FOUND,2026-09-07
459,Ajanadri Hills,Hampi,Karnataka,,15.3202851,76.4713243,Adventure & Outdoor Activities,,0.0,,4.7,,,,,,,,,,,,,,India,,NOT_FOUND,2026-09-07
460,Raja's Seat garden,Coorg,Karnataka,,15.3548385,76.469264,Sightseeing & Exploration,,0.0,,4.4,,,,,,,,,,,,,,India,,NOT_FOUND,2026-09-07
461,Nagarhole Tiger Reserve,Coorg,Karnataka,,12.4145674,75.7371014,Natural Landscapes & Wildlife,,150.0,4.0,4.4,,,,,,,,,"Nagarahole National Park is a national park located in Kodagu district and Mysore district in Karnataka, India. This park was declared the 37th Tiger Reserve of India in 2003. It is part of the Nilgiri Biosphere Reserve. The Western Ghats Nilgiri Sub-Cluster of 6,000 km2 (2,300 sq mi), including all of Nagarhole National Park, is under consideration by the UNESCO World Heritage Committee for selection as a World Heritage Site. The park has rich forest cover, small streams, hills, valleys and wat",,,,,India,,NOT_FOUND,2026-09-07
462,Mallalli Falls,Coorg,Karnataka,,12.0734366,76.1510815,Natural Landscapes & Wildlife,,0.0,4.0,4.6,,,,,,,,,"water fall in Karnataka, India",,,outdoor,,India,waterfall,Q6744050,2026-09-07
463,Brahmagiri Wildlife Sanctuary,Coorg,Karnataka,,12.680643,75.723667,Natural Landscapes & Wildlife,,25.0,4.0,4.4,,,,,,,,,wildlife sanctuary in India,,,,,India,protected area,Q4955532,2026-09-07
464,Dubare Elephant camp and bathing spot,Coorg,Karnataka,,12.1726489,75.6440842,Natural Landscapes & Wildlife,,20.0,4.0,4.1,,,,,,,,,,,,,,India,,NOT_FOUND,2026-09-07
465,Coorg river rafting Barapole,Coorg,Karnataka,,12.371192,75.9051197,Adventure & Outdoor Activities,,0.0,,4.1,,,,,,,,,,,,,,India,,NOT_FOUND,2026-09-07
466,Namdroling Monastery,Coorg,Karnataka,,12.3374942,75.8069082,	Religious & Spiritual Pilgrimages,,0.0,,4.5,,,,,,,,,"Tibetan Buddhist monastery in Bylkuppe, Karnataka, India",,,,,India,tibetan buddhist monastery,Q3335448,2026-09-07
467,Iruppu Falls-Brahmagiri,Coorg,Karnataka,,12.430628,75.9669536,Natural Landscapes & Wildlife,,0.0,4.0,4.1,,,,,,,,,,,,,,India,,NOT_FOUND,2026-09-07
468,Bhadra wildlife sanctuary,Chikmanglur,Karnataka,,11.9661026,75.9833292,Natural Landscapes & Wildlife,,60.0,4.0,4.4,,,,,,,,,"wildlife sanctuary in Karnataka, India",,,outdoor,,India,wildlife refuge,Q4900541,2026-09-07
469,Shri Jagadguru Shankaracharya Peeta,Chikmanglur,Karnataka,,13.6948738,75.635227,Religious & Spiritual Pilgrimages,,0.0,,4.8,,,,,,,,,,,,,,India,,NOT_FOUND,2026-09-07
470, Shri Annapurneshwari Devi Temple,Chikmanglur,Karnataka,,13.4167132,75.2521434,Religious & Spiritual Pilgrimages,,0.0,,4.8,,,,,,,,,,,,,,India,,NOT_FOUND,2026-09-07
471,Sri Sharadamba Temple ,Chikmanglur,Karanataka,,9.8121201,77.1747471,Religious & Spiritual Pilgrimages,,0.0,,4.8,,,,,,,,,,,,,,India,,NOT_FOUND,2026-09-07
472,Kallathigiri Falls,Chikmanglur,Karnataka,,13.4161397,75.2512712,Natural Landscapes & Wildlife,,0.0,4.0,4.2,,,,,,,,,"Kalhatti Falls or Kalhattigiri Falls is a waterfall on the headwaters of the river, located at Kallathigiri, Tarikere Taluk in Chikmagalur district of Karnataka. The waterfall is 10 kilometers (6.2 mi) away from Kemmangundi hill station.",,,,,India,,NOT_FOUND,2026-09-07
473,Baba Budan Giri hills,Chikmanglur,Karanataka,,13.5486112,75.7891482,Natural Landscapes & Wildlife,,0.0,4.0,4.5,,,,,,,,,,,,,,India,,NOT_FOUND,2026-09-07
474,Mullayanagiri Betta,Chikmagalur,Karnataka,,13.422865,75.7703876,Natural Landscapes & Wildlife,,0.0,4.0,4.5,,,,,,,,,,,,,,India,,NOT_FOUND,2026-09-07
475,Sri Bhootanaatha Gudi,Badami,Karnataka,,13.3908855,75.7213295,Religious & Spiritual Pilgrimages,,0.0,,4.7,,,,,,,,,,,,,,India,,NOT_FOUND,2026-09-07
476,Banashankari Devi Temple,Badami,Karnataka,,15.9207886,75.6876704,Religious & Spiritual Pilgrimages,,0.0,,4.7,,,,,,,,,,,,,,India,,NOT_FOUND,2026-09-07
477,Kadri Park,Mangalore,Karnataka,,12.8889802,74.8562231,Sightseeing & Exploration,,10.0,,4.3,,,,,,,,,"place in Karnataka, India",,,outdoor,,India,park,Q6345687,2026-09-07
478,City Center mall,Mangalore,Karnataka,,12.8713,74.8428,Shopping & Markets,,0.0,1.5,4.4,,,,,,,,,"Shopping mall in Grand Forks, North Dakota",,,,,India,shopping center,Q5123064,2026-09-07
479,Kukke Shree Subrahmanya Temple,Mangalore,Karnataka,,12.6636275,75.6158479,Religious & Spiritual Pilgrimages,,0.0,,4.6,,,,,,,,,,,,,,India,,NOT_FOUND,2026-09-07
480,Dharmasthala Temple,Mangalore,Karnataka,,12.9503818,75.3804923,Religious & Spiritual Pilgrimages,,0.0,,4.8,,,,,,,,,temple in India,,,indoor,,India,hindu temple,Q15213882,2026-09-07
481,Pilikula Nisargadhama zoo,Mangalore,Karnataka,,12.9272855,74.8991256,"Natural Landscapes & Wildlife, Sightseeing & Exploration",,80.0,4.0,4.4,,,,,,,,,,,,,,India,,NOT_FOUND,2026-09-07
482,Fort Bijapur,Bijapur,Karanataka,,16.8299689,75.7363025,Cultural & Heritage Sites,,70.0,2.0,4.3,,,,,,,,,,,,,,India,,NOT_FOUND,2026-09-07
483,Jamiya Masjid,Bijapur,Karnataka,,16.8222732,75.7287785,"Cultural & Heritage Sites, Religious & Spiritual Pilgrimages",,0.0,2.0,4.2,,,,,,,,,mosque in Pakistan,,,indoor,,India,mosque,Q6146435,2026-09-07
484,Shivgiri Temple,Bijapur,Karnataka,,16.817515,75.7563529,Religious & Spiritual Pilgrimages,,0.0,,4.5,,,,,,,,,,,,,,India,,NOT_FOUND,2026-09-07
485,Bara Kaman,Bijapur,Karnataka,,16.8303151,75.7182706,Cultural & Heritage Sites,,0.0,2.0,4.2,,,,,,,,,"Bara Kaman is the unfinished mausoleum of Ali Adil Shah II in Bijapur, Karnataka in India.",,,,,India,,NOT_FOUND,2026-09-07
486,Gol Gumbaz museum,Bijapur,Karnataka,,16.8288232,75.735884,"Cultural & Heritage Sites, Arts, Science & Literature Attractions",,0.0,2.0,4.5,,,,,,,,,,,,,,India,,NOT_FOUND,2026-09-07
487,Phoenix Marketcity Pune,Pune,Maharashtra,,18.562254,73.9166943,Shopping & Markets,,0.0,1.5,4.5,,,,,,,,,,,,,,India,,NOT_FOUND,2026-09-07
488,Chatushrungi Devi Temple,Pune,Maharashtra,,18.5393061,73.8290409,Religious & Spiritual Pilgrimages,,0.0,,4.6,,,,,,,,,,,,,,India,,NOT_FOUND,2026-09-07
489,Pune-Okayama Friendship Garden,Pune,Maharashtra,,18.4913813,73.8367603,Sightseeing & Exploration,,0.0,,4.5,,,,,,,,,"public park in Pune, India",,,outdoor,"Dattawadi, Pune, Maharashtra 411030, India",India,japanese garden outside japan,Q14474083,2026-09-07
490,Raja Dinkar Kelkar Museum,Pune,Maharashtra,,18.5106855,73.8544307,"Arts, Science & Literature Attractions",,300.0,,4.4,,,,,,,,,"museum in Pune, India",,,indoor,,India,museum,Q1134736,2026-09-07
491,Sinhagad Fort,Pune,Maharashtra,,18.366277,73.7558777,Cultural & Heritage Sites,,10.0,2.0,4.6,,,,,,,,,"Sinhagad is an ancient hill fortress located at around 28 kilometres southwest of Pune, India. Previously known as Kondhana, the fort has been the site of many battles, most notably the Battle of Sinhagad in 1670.This is the highest peaks of Pune.",,,,,India,,NOT_FOUND,2026-09-07
492,Rajiv Gandhi zoo,Pune,Maharashtra,,18.4524807,73.8607977,Natural Landscapes & Wildlife,,40.0,4.0,4.1,,,,,,,,,"zoo in Pune, India",,,,,India,zoo,Q2723997,2026-09-07
493, Dagadusheth Halwai Ganapati temple,Pune,Maharashtra,,18.5164297,73.8561329,Religious & Spiritual Pilgrimages,,0.0,,4.8,,,,,,,,,"Ganesha temple in Pune, India",,,indoor,"250, Budhwar Peth, Pune, Maharashtra 411002",India,hindu temple,Q5208445,2026-09-07
494,Prozone Mall,Aurangabad,Maharashtra,,11.0547682,76.9941106,Shopping & Markets,,0.0,1.5,4.3,,,,,,,,,building in India,,,,,India,shopping center,Q48726610,2026-09-07
495,Bibi ka Maqbara ,Aurangabad,Maharashtra,,19.9006246,75.319353,Cultural & Heritage Sites,,0.0,2.0,4.2,,,,,,,,,"Tomb in Chhatrapati Sambhajinagar, Maharashtra",,,,,India,,Q856259,2026-09-07
496,Ellora Caves,Aurangabad,Maharashtra,,20.0267844,75.1770869,Cultural & Heritage Sites,,40.0,2.0,4.7,,,,,,,,,"The Ellora Caves are a UNESCO World Heritage Site in Aurangabad, India. It is one of the largest rock-cut cave complexes in the world, with artwork dating from AD 600–1000, including Hindu, Buddhist, and Jain caves. The complex is a leading example of Indian rock-cut architecture, and several are not strictly ""caves"" in that they have no roof. Cave 16 features the largest single monolithic rock excavation in the world, the Kailash temple, a chariot-shaped monument dedicated to the god Shiva. The",,,,,India,,NOT_FOUND,2026-09-07
497,Daulatabad Fort,Aurangabad,Maharashtra,,19.946133,75.221652,Cultural & Heritage Sites,,10.0,2.0,4.8,,,,,,,,,"12th-century fortified citadel in Maharashtra, India",,,outdoor,,India,fort,Q88667786,2026-09-07
498,Trimbakeshwar Jyotirling Mandir,Nashik,Maharashtra,,19.9322605,73.5307877,Religious & Spiritual Pilgrimages,,0.0,,4.6,,,,,,,,,,,,,,India,,NOT_FOUND,2026-09-07
499,Pandav Leni caves,Nashik,Maharashtra,,19.9412114,73.748555,Cultural & Heritage Sites,,0.0,2.0,4.6,,,,,,,,,,,,,,India,,NOT_FOUND,2026-09-07
500,Water Sports in Alibaug,Alibaug,Maharashtra,,18.6583989,72.8773346,Adventure & Outdoor Activities,,0.0,,4.9,,,,,,,,,,,,,,India,,NOT_FOUND,2026-09-07
501,Kolaba Fort,Alibaug,Maharashtra,,18.6342019,72.8644532,Cultural & Heritage Sites,,20.0,2.0,4.2,,,,,,,,,building in India,,,outdoor,,India,sea fort,Q3824083,2026-09-07
502,Jaigad Fort,Ratnagiri,Maharashtra,,17.300493,73.221612,Cultural & Heritage Sites,,0.0,2.0,4.1,,,,,,,,,"Jaigad Fort, Jayagaḍa killā) is a coastal fortification that is located at the tip of a peninsula in Jaigad, Ratnagiri District at a distance of 14 km from the temple town of Ganpatipule, in the state of Maharashtra, India. Nestled on a cliff, it overlooks a bay formed where the Shastri river enters the Arabian Sea.
It has a commanding view of the bay, the nearby power plant and the open sea. A jetty port Angrey, and a lighthouse is located nearby. Although in ruins, most of the fort's outer wal",,,,,India,,NOT_FOUND,2026-09-07
503,Tilak Ali Museum,Ratnagiri,Maharahtra,,16.9952987,73.2904689,"Arts, Science & Literature Attractions",,0.0,,4.6,,,,,,,,,,,,,,India,,NOT_FOUND,2026-09-07
504,Umred Karhandla Wildlife Sanctuary,Nagpur,Maharashtra,,20.8286613,79.5932651,Natural Landscapes & Wildlife,,150.0,4.0,4.2,,,,,,,,,"wildlife sanctuary in Maharashtra, India",,,outdoor,,India,protected area|wildlife refuge,Q16902313,2026-09-07
505,Tadoba Andhari Tiger Project,Nagpur,Maharashtra,,20.2717885,79.3875706,Natural Landscapes & Wildlife,,25.0,4.0,4.5,,,,,,,,,"tiger reserve and national park in Maharashtra, India",,,outdoor,,India,tiger reserve of india|national park|park,Q2639563,2026-09-07
506,Khindsi Lake water sports,Nagpur,Maharashtra,,21.404032,79.3634517,Adventure & Outdoor Activities,,0.0,,4.0,,,,,,,,,,,,,,India,,NOT_FOUND,2026-09-07
507,Khindsi Lake,Nagpur,Maharashtra,,21.404032,79.3634517,Natural Landscapes & Wildlife,,0.0,4.0,4.0,,,,,,,,,lake in India,,,,,India,,Q6401699,2026-09-07
508,Ambazari Lake & Garden,Nagpur,Maharashtra,,21.1292572,79.0489685,"Natural Landscapes & Wildlife, Sightseeing & Exploration",,0.0,4.0,4.0,,,,,,,,,,,,,,India,,NOT_FOUND,2026-09-07
509,Raman Science Centre,Nagpur,Maharashtra,,21.1459008,79.0941262,"Arts, Science & Literature Attractions",,15.0,,4.5,,,,,,,,,"Science museum in Nagpur, India",,,indoor,,India,museum,Q7288885,2026-09-07
510,Krazy Castle Aqua Park,Nagpur,Maharashtra,,21.1282952,79.0462212,Adventure & Outdoor Activities,,490.0,,4.0,,,,,,,,,,,,,,India,,NOT_FOUND,2026-09-07
511,Chhatrapati Shahu Palace,Kolhapur,Maharastra,,16.7193627,74.231735,Cultural & Heritage Sites,,25.0,2.0,4.5,,,,,,,,,,,,,,India,,NOT_FOUND,2026-09-07
512,Dajipur Wildlife Sanctuary,Kolhapur,Maharastra,,16.3837902,73.8633999,Natural Landscapes & Wildlife,,50.0,4.0,4.4,,,,,,,,,,,,,,India,,NOT_FOUND,2026-09-07
513,Shri Ambabai Temple,Kolhapur,Maharastra,,16.416,74.135999,Religious & Spiritual Pilgrimages,,0.0,,4.8,,,,,,,,,,,,,,India,,NOT_FOUND,2026-09-07
514,Della Adventure Park,Lonavla,Maharastra,,18.7814023,73.38906,Adventure & Outdoor Activities,,2000.0,,4.3,,,,,,,,,"amusement park in Maharashtra, India",,,outdoor,,India,amusement park,Q111913412,2026-09-07
515,Imagicaa amusement park,Lonavala,Maharastra,,18.7679396,73.2823206,Adventure & Outdoor Activities,,1000.0,,4.4,,,,,,,,,,,,,,India,,NOT_FOUND,2026-09-07
516,Lions Point ,Lonavala,Maharastra,,18.6999,73.3859,Sightseeing & Exploration,,0.0,,4.4,,,,,,,,,"park in Dodge County, Wisconsin, United States of America",,,outdoor,,India,park,Q49517877,2026-09-07
517,Ekvira Devi Temple,Lonavala,Maharastra,,18.7832445,73.4702278,Religious & Spiritual Pilgrimages,,0.0,,4.7,,,,,,,,,,,,,,India,,NOT_FOUND,2026-09-07
518,Vasota Fort Jungle trekking and Camping,Satara,Maharashtra,,17.7338451,73.7590369,Adventure & Outdoor Activities,,1200.0,,4.7,,,,,,,,,,,,,,India,,NOT_FOUND,2026-09-07
519,Lodwick Point,Satara,Maharashtra,,17.9394677,73.6347687,Sightseeing & Exploration,,0.0,,4.4,,,,,,,,,,,,,,India,,NOT_FOUND,2026-09-07
520,Thoseghar Waterfall,Satara,Maharashtra,,17.5980965,73.8481534,Natural Landscapes & Wildlife,,0.0,4.0,4.5,,,,,,,,,"waterfall in Maharashtra, India",,,outdoor,,India,waterfall,Q7796893,2026-09-07
521,Ajinkyatara Fort,Satara,Maharashtra,,17.6723432,73.9904721,Cultural & Heritage Sites,,0.0,2.0,4.5,,,,,,,,,fort in Maharashtra,,,outdoor,,India,fort,Q4699755,2026-09-07
522,Uttar Chidambaram Nataraj mandir,Satara,Maharashtra,,17.6852,74.0254,Religious & Spiritual Pilgrimages,,0.0,,4.6,,,,,,,,,,,,,,India,,NOT_FOUND,2026-09-07
523,Sajjangad Fort,Satara,Maharashtra,,17.6485126,73.9157886,Cultural & Heritage Sites,,10.0,2.0,4.6,,,,,,,,,,,,,,India,,NOT_FOUND,2026-09-07
524,Pratapgad Fort,Satara,Maharashtra,,17.9372875,73.5783932,Cultural & Heritage Sites,,0.0,2.0,4.5,,,,,,,,,"Pratapgad is a mountain fort located in Satara district, in the Western Indian state of Maharashtra. The fort is situated 24 kilometres from the Mahabaleshwar hill station. The fort is now a tourist destination.",,,,,India,,NOT_FOUND,2026-09-07
525,Dodhani Waterfalls,Matheran,Maharashtra,,18.988659,73.271179,Natural Landscapes & Wildlife,,0.0,4.0,4.6,,,,,,,,,,,,,,India,,NOT_FOUND,2026-09-07
526,Dodhani Waterfalls rappelling/trek,Matheran,Maharashtra,,18.988659,73.271179,Adventure & Outdoor Activities,,1100.0,,4.6,,,,,,,,,,,,,,India,,NOT_FOUND,2026-09-07
527,Chanderi Caves trek,Matheran,Maharashtra,,19.0644,73.2452,Adventure & Outdoor Activities,,500.0,,4.5,,,,,,,,,,,,,,India,,NOT_FOUND,2026-09-07
528,Irshalgad Fort,Matheran,Maharashtra,,18.9351142,73.23246,Cultural & Heritage Sites,,100.0,2.0,4.6,,,,,,,,,,,,,,India,,NOT_FOUND,2026-09-07
529,Neral-Matheran Toy Train,Matheran,Maharashtra,,19.0229668,73.3175272,Sightseeing & Exploration,,100.0,,4.5,,,,,,,,,,,,,,India,,NOT_FOUND,2026-09-07
530,Kalavantin Pinnacle fortress and trek,Matheran,Maharashtra,,18.9827969,73.2198064,Adventure & Outdoor Activities,,50.0,,4.7,,,,,,,,,,,,,,India,,NOT_FOUND,2026-09-07
531,Ambarnath Shiv Temple,Matheran,Maharashtra,,19.1825167,73.1926023,Religious & Spiritual Pilgrimages,,0.0,,4.2,,,,,,,,,,,,,,India,,NOT_FOUND,2026-09-07
532,Kamasutra temples,Khajuraho,Madhya Pradesh,,24.512485,79.567993,Cultural & Heritage Sites,,40.0,2.0,5.0,,,,,,,,,,,,,,India,,NOT_FOUND,2026-09-07
533,Raneh waterfall,Khajuraho,Madhya Pradesh,,24.8748466,80.0512626,Natural Landscapes & Wildlife,,0.0,4.0,4.5,,,,,,,,,,,,,,India,,NOT_FOUND,2026-09-07
534,Panna Tiger Reserve,Khajuraho,Madhya Pradesh,,24.5904659,79.9416518,Natural Landscapes & Wildlife,,1000.0,4.0,4.2,,,,,,,,,"Panna National Park is a national park in Panna and Chhatarpur Districts in the Indian state of Madhya Pradesh with an area of 542.67 km2 (209.53 sq mi). It was declared in 1994 as the twenty second Tiger reserve of India and the fifth in Madhya Pradesh.
Panna National Park was given the Award of Excellence in 2007 as the best maintained national park of India by the Ministry of Tourism of India. Although the reserve went through an ordeal losing almost all of its tigers in 2009 to poaching, a s",,,,,India,,NOT_FOUND,2026-09-07
535,Bhimbetka rock shelters,Bhopal,Madhya Pradesh,,22.9395461,77.6124331,Cultural & Heritage Sites,,25.0,2.0,4.6,,,,,,,,,"30,000+ years old archaeological World Heritage site in Madhya Pradesh, India",,,outdoor,,India,rock shelter|archaeological site|cave with prehistoric art,Q331603,2026-09-07
536,Bhojeshwar Mahadev temple,Bhopal,Madhya Pradesh,,23.1002597,77.5795329,Religious & Spiritual Pilgrimages,,0.0,,4.7,,,,,,,,,,,,,,India,,NOT_FOUND,2026-09-07
537,Van Vihar National park,Bhopal,Madhya Pradesh,,23.232214,77.3664318,Natural Landscapes & Wildlife,,20.0,4.0,4.3,,,,,,,,,"national park in Madhya Pradesh, India",,,outdoor,,India,national park,Q3092357,2026-09-07
538,DB City Mall,Bhopal,Madhya Pradesh,,23.232698,77.4298564,Shopping & Markets,,0.0,1.5,4.9,,,,,,,,,largest shopping mall in Central India,,,,,India,shopping center,Q5204435,2026-09-07
539,Tribal museum,Bhopal,Madhya Pradesh,,23.23468,23.145,"Arts, Science & Literature Attractions",,20.0,,4.7,,,,,,,,,museum of Tribal Arts and Artifacts,,,indoor,"near CRPF Square, Nayapalli, Unit VIII, Bhubaneshwar",India,museum,Q7840311,2026-09-07
540,Chappan Dukan,Indore,Madhya Pradesh,,22.7240232,75.8842574,Shopping & Markets,,0.0,1.5,4.5,,,,,,,,,"street food market in Indore, India",,,,,India,,Q121811757,2026-09-07
541,Sarafa Bazar,Indore,Madhya Pradesh,,22.7175144,75.852306,Shopping & Markets,,0.0,1.5,4.5,,,,,,,,,"Sarafa Bazaar is a jewellery market and night street food court located in central Indore, India. Sarafa is one of the market in India which remains as a jewellery marketplace at daytime and converts itself into a street food court at night. The market consists of two sub-markets namely Bada Sarafa Bazaar and Chhota Sarafa Bazaar. Indore's Sarafa Bazaar is a popular tourist place because of its diverse cuisine and night lifestyle.",,,,,India,,NOT_FOUND,2026-09-07
542,Pipliyapala Regional Park,Indore,Madhya Pradesh,,22.6771511,75.8564021,"Adventure & Outdoor Activities, Sightseeing & Exploration",,25.0,,4.2,,,,,,,,,,,,,,India,,NOT_FOUND,2026-09-07
543,Khajrana Ganesh Mandir,Indore,Madhya Pradesh,,22.731233,75.9081489,Religious & Spiritual Pilgrimages,,0.0,,4.8,,,,,,,,,,,,,,India,,NOT_FOUND,2026-09-07
544,TI Mall,Indore,Madhya Pradesh,,22.7217,75.8786,Shopping & Markets,,0.0,1.5,4.3,,,,,,,,,,,,,,India,,NOT_FOUND,2026-09-07
545,Phoenix Citadel,Indore,Madhya Pradesh,,22.7462625,75.9353073,Shopping & Markets,,0.0,1.5,4.5,,,,,,,,,"shopping mall in Indore, India",,,,,India,shopping center,Q116188696,2026-09-07
546,Jai Vilas Palace,Gwalior,Madhya Pradesh,,26.2042028,78.1684674,Cultural & Heritage Sites,,150.0,2.0,4.3,,,,,,,,,Scindia Dynasty royal palace,,,indoor,,India,museum,Q6123487,2026-09-07
547,Teli ka Mandir,Gwalior,Madhya Pradesh,,26.2203984,78.1656988,"Religious & Spiritual Pilgrimages, Cultural & Heritage Sites",,0.0,2.0,4.3,,,,,,,,,9th century Hindu temple in Gwalior,,,indoor,,India,hindu temple,Q1800304,2026-09-07
548,Sas Bahu Temple,Gwalior,Madhya Pradesh,,24.7351945,73.7162806,"Religious & Spiritual Pilgrimages, Cultural & Heritage Sites",,0.0,2.0,4.5,,,,,,,,,"Hindu temple in Rajasthan, India",,,indoor,,India,hindu temple,Q15274355,2026-09-07
549,Gopachal Parvat jain temple,Gwalior,Madhya Pradesh,,26.214536,78.168605,"Religious & Spiritual Pilgrimages, Cultural & Heritage Sites",,0.0,2.0,4.6,,,,,,,,,,,,,,India,,NOT_FOUND,2026-09-07
550,National Chambal Ghariyal Wildlife Sanctuary,Gwalior,Madhya Pradesh,,26.7659469,78.6448794,Natural Landscapes & Wildlife,,1800.0,4.0,4.3,,,,,,,,,,,,,,India,,NOT_FOUND,2026-09-07
551,Pagara Dam,Gwalior,Madhya Pradesh,,26.2597748,77.8581672,Sightseeing & Exploration,,0.0,,3.9,,,,,,,,,,,,,,India,,NOT_FOUND,2026-09-07
552,Sarafa Bazar,Gwalior,Madhya Pradesh,,22.7175144,75.852306,Shopping & Markets,,0.0,1.5,4.0,,,,,,,,,"Sarafa Bazaar is a jewellery market and night street food court located in central Indore, India. Sarafa is one of the market in India which remains as a jewellery marketplace at daytime and converts itself into a street food court at night. The market consists of two sub-markets namely Bada Sarafa Bazaar and Chhota Sarafa Bazaar. Indore's Sarafa Bazaar is a popular tourist place because of its diverse cuisine and night lifestyle.",,,,,India,,NOT_FOUND,2026-09-07
553,Dindayal mall,Gwalior,Madhya Pradesh,,26.2094362,78.16624,Shopping & Markets,,0.0,1.5,4.1,,,,,,,,,,,,,,India,,NOT_FOUND,2026-09-07
554,Patankar bazaar,Gwalior,Madhya Pradesh,,26.2024846,78.157517,Shopping & Markets,,0.0,1.5,4.0,,,,,,,,,,,,,,India,,NOT_FOUND,2026-09-07
555,Kal Bhairava Temple,Ujjain,Madhya Pradesh,,18.437535,73.6399395,Religious & Spiritual Pilgrimages,,0.0,,4.7,,,,,,,,,,,,,,India,,NOT_FOUND,2026-09-07
556,Ram Ghat,Ujjain,Madhya Pradesh,,23.1871,75.7644,Sightseeing & Exploration,,0.0,,4.6,,,,,,,,,,,,,,India,,NOT_FOUND,2026-09-07
557,ISKCON Temple Ujjain,Ujjain,Madhya Pradesh,,23.1611713,75.7997229,Religious & Spiritual Pilgrimages,,0.0,,4.7,,,,,,,,,,,,,,India,,NOT_FOUND,2026-09-07
558,Kaliadeh Palace,Ujjain,Madhya Pradesh,,23.2490716,75.7779662,Cultural & Heritage Sites,,15.0,2.0,4.0,,,,,,,,,15th century palace in central India,,,indoor,,India,palace,Q24939912,2026-09-07
559,Rumi ka Mazaar,Ujjain,Madhya Pradesh,,23.1793,75.784912,Cultural & Heritage Sites,,0.0,2.0,5.0,,,,,,,,,,,,,,India,,NOT_FOUND,2026-09-07
560,Mahakal Lok,Ujjain,Madhya Pradesh,,23.177785,75.7693919,Sightseeing & Exploration,,0.0,,4.8,,,,,,,,,Corridor built in Mahakaleshwar temple complex in Ujjain,,,,,India,corridor,Q123493591,2026-09-07
561,Harsiddhi Mata Temple,Ujjain,Madhya Pradesh,,21.8397452,69.3690301,Religious & Spiritual Pilgrimages,,0.0,,4.7,,,,,,,,,"10th century Durga temple in Sunak, north Gujarat",,,indoor,,India,hindu temple,Q126091974,2026-09-07
562,Marble rocks at Bedhaghat,Jabalpur,Madhya Pradesh,,23.1299297,79.795454,Natural Landscapes & Wildlife,,30.0,4.0,4.5,,,,,,,,,,,,,,India,,NOT_FOUND,2026-09-07
563,Narmada aarti,Jabalpur,Madhya Pradesh,,22.3335261,77.12592748,Religious & Spiritual Pilgrimages,,0.0,,4.5,,,,,,,,,,,,,,India,,NOT_FOUND,2026-09-07
564,Balancing Rock formations,Jabalpur,Madhya Pradesh,,23.855,79.544,Natural Landscapes & Wildlife,,100.0,4.0,4.3,,,,,,,,,,,,,,India,,NOT_FOUND,2026-09-07
565,Rani Durgavati fort,Jabalpur,Madhya Pradesh,,23.1483266,79.9016574,Natural Landscapes & Wildlife,,0.0,4.0,4.2,,,,,,,,,,,,,,India,,NOT_FOUND,2026-09-07
566,Chausath Yogini temple,Jabalpur,Madhya Pradesh,,26.4368173,78.2352216,Religious & Spiritual Pilgrimages,,0.0,,4.6,,,,,,,,,9th to 12th century roofless hypaethral Hindu shrines,,,indoor,,India,hindu temple,Q19277282,2026-09-07
567,Dumna Nature Reserve Park,Jabalpur,Madhya Pradesh,,23.16949,80.012698,Natural Landscapes & Wildlife,,20.0,4.0,4.1,,,,,,,,,"ecotourism site in Madhya Pradesh, India",,,,,India,nature reserve,Q17052151,2026-09-07
568,Madan Mahal Fort,Jabalpur,Madhya Pradesh,,23.1484693,79.9016654,Cultural & Heritage Sites,,0.0,2.0,4.2,,,,,,,,,,,,,,India,,NOT_FOUND,2026-09-07
569,South Avenue malls,Jabalpur,Madhya Pradesh,,23.124094,79.927194,Shopping & Markets,,0.0,1.5,4.1,,,,,,,,,,,,,,India,,NOT_FOUND,2026-09-07
570,Sadar bazaar,Jabalpur,Madhya Pradesh,,28.6585105,77.2127305,Shopping & Markets,,0.0,1.5,4.0,,,,,,,,,human settlement in India,,,,,India,human settlement,Q7397568,2026-09-07
571,Kanha National Park,Jabalpur,Madhya Pradesh,,22.2994956,80.5864278,Natural Landscapes & Wildlife,,100.0,4.0,4.5,,,,,,,,,"national park in Madhya Pradesh, India",,,outdoor,,India,national park,Q1480481,2026-09-07
572,Mall road,Shimla,Himachal Pradesh,,31.1035,77.1702,Shopping & Markets,,0.0,1.5,4.7,,,,,,,,,"hotel in Kanpur, India",,,,,India,hotel,Q111060077,2026-09-07
573,Annandale  view,Shimla,Himachal Pradesh,,31.1116129,77.1593012,Sightseeing & Exploration,,0.0,,3.8,,,,,,,,,,,,,,India,,NOT_FOUND,2026-09-07
574,Chadwick falls,Shimla,Himachal Pradesh,,31.1196351,77.1389365,Natural Landscapes & Wildlife,,0.0,4.0,3.6,,,,,,,,,,,,,,India,,NOT_FOUND,2026-09-07
575,Himalayan bird park,Shimla,Himachal Pradesh,,31.102875,77.147654,Natural Landscapes & Wildlife,,20.0,4.0,3.9,,,,,,,,,,,,,,India,,NOT_FOUND,2026-09-07
576,Naldhera and Shaily peak,Shimla,Himachal Pradesh,,31.1811641,77.1858995,Natural Landscapes & Wildlife,,0.0,4.0,4.5,,,,,,,,,,,,,,India,,NOT_FOUND,2026-09-07
577,Kufri Fun World,Shimla,Himachal Pradesh,,31.0941261,77.278049,Adventure & Outdoor Activities,,20.0,,3.8,,,,,,,,,,,,,,India,,NOT_FOUND,2026-09-07
578,Scandal point,Shimla,Himachal Pradesh,,31.1052,77.1724,Sightseeing & Exploration,,0.0,,4.5,,,,,,,,,artillery battery in Singapore,,,,,India,artillery battery,Q132859825,2026-09-07
579,Kalka-Shimla Toy train,Shimla,Himachal Pradesh,,30.518,76.5615,Sightseeing & Exploration,,320.0,,4.5,,,,,,,,,,,,,,India,,NOT_FOUND,2026-09-07
580,Lakkar bazaar,Shimla,Himachal Pradesh,,31.1058233,77.1787114,Shopping & Markets,,0.0,1.5,4.0,,,,,,,,,human settlement in India,,,,,India,human settlement,Q6479684,2026-09-07
581,Rafting at Tattapani,Shimla,Himachal Pradesh,,31.2487896,77.0895421,Adventure & Outdoor Activities,,1050.0,,4.1,,,,,,,,,,,,,,India,,NOT_FOUND,2026-09-07
582,Kuthar Fort,Shimla,Himachal Pradesh,,30.9730901,76.9671865,Cultural & Heritage Sites,,10.0,2.0,4.3,,,,,,,,,,,,,,India,,NOT_FOUND,2026-09-07
583,Tara Devi Temple,Shimla,Himachal Pradesh,,31.046256,77.1342842,Religious & Spiritual Pilgrimages,,0.0,,4.8,,,,,,,,,"Hindu temple in Himachal Pradesh, India",,,indoor,,India,hindu temple,Q96407828,2026-09-07
584,Christ Church,Shimla,Himachal Pradesh,,31.0614,77.1034,Cultural & Heritage Sites,,0.0,2.0,4.6,,,,,,,,,constituent college of the University of Oxford in England,,,,,India,college of the university of oxford|charitable organization,Q745967,2026-09-07
585,Jakhoo hill ,Shimla,Himachal Pradesh,,31.1013414,77.1835041,Natural Landscapes & Wildlife,,0.0,4.0,4.6,,,,,,,,,,,,,,India,,NOT_FOUND,2026-09-07
586,Hidimba Devi Temple,Manali,Himachal Pradesh,,32.2483526,77.1815727,Religious & Spiritual Pilgrimages,,0.0,,4.6,,,,,,,,,"Hidimba Devi Temple, locally known as Dhungari Temple, also known variously as the Hadimba Temple, is a Hindu Temple, located in Manāli, a hill station in the State of Himāchal Pradesh in north India. It is an ancient cave temple dedicated to Hidimbi Devi, wife of Bhima, a figure in the Indian epic Mahābhārata. The temple is surrounded by a cedar forest called Dhungiri Van Vihar at the foot of the Himālayas. The sanctuary is built over a huge rock jutting out of the ground which was worshiped as",,,,,India,,NOT_FOUND,2026-09-07
587,Beas kund,Manali,Himachal Pradesh,,32.3664466,77.0854956,Natural Landscapes & Wildlife,,0.0,4.0,4.6,,,,,,,,,pond in Sitakunda Upazila,,,,,India,pond,Q56457791,2026-09-07
588,Vashisht baths,Manali,Himachal Pradesh,,32.2810061,77.2290193,Adventure & Outdoor Activities,,0.0,,4.0,,,,,,,,,,,,,,India,,NOT_FOUND,2026-09-07
589,Rohtang Pass,Manali,Himachal Pradesh,,32.3716426,77.2466221,Adventure & Outdoor Activities,,0.0,,4.5,,,,,,,,,mountain pass,,,,,India,mountain pass,Q633415,2026-09-07
590,Gulaba viewpoint,Manali,Himachal Pradesh,,32.3179031,77.1893396,Sightseeing & Exploration,,0.0,,4.5,,,,,,,,,,,,,,India,,NOT_FOUND,2026-09-07
591,Panch Pulla Waterfall,Dalhousie,Himachal Pradesh,,32.5288,75.9908,Natural Landscapes & Wildlife,,0.0,4.0,3.9,,,,,,,,,,,,,,India,,NOT_FOUND,2026-09-07
592,Boat riding in Chamera lake,Dalhousie,Himachal Pradesh,,32.6199739,76.00774,Adventure & Outdoor Activities,,400.0,,4.4,,,,,,,,,,,,,,India,,NOT_FOUND,2026-09-07
593,Kalatop Wildlife sanctuary,Dalhousie,Himachal Pradesh,,32.5529086,76.0174406,Natural Landscapes & Wildlife,,115.0,4.0,4.6,,,,,,,,,,,,,,India,,NOT_FOUND,2026-09-07
594,Shop at Tibetan Handicrafts market,Dalhousie,Himachal Pradesh,,32.5364,75.9767,Shopping & Markets,,0.0,1.5,3.8,,,,,,,,,,,,,,India,,NOT_FOUND,2026-09-07
595,Subhash Baoli spring,Dalhousie,Himachal Pradesh,,32.5402571,75.9844002,Religious & Spiritual Pilgrimages,,0.0,,3.3,,,,,,,,,,,,,,India,,NOT_FOUND,2026-09-07
596,Trek to Dainkund Peak,Dalhousie,Himachal Pradesh,,32.5196627,76.0353738,Adventure & Outdoor Activities,,1200.0,,4.8,,,,,,,,,,,,,,India,,NOT_FOUND,2026-09-07
597,Trek to Ganji Pahari,Dalhousie,Himachal Pradesh,,32.5164533,75.9935243,Adventure & Outdoor Activities,,5000.0,,4.0,,,,,,,,,,,,,,India,,NOT_FOUND,2026-09-07
598,Hot springs at Manikaran,Kullu,Himachal Pradesh,,32.0267951,77.3511063,Adventure & Outdoor Activities,,30.0,,4.7,,,,,,,,,"Thermal springs in Himachal Pradesh, India",,,,,India,,Q130544550,2026-09-07
599,Vaishno Devi Temple,Kullu,Himachal Pradesh,,31.9834,77.1262,Religious & Spiritual Pilgrimages,,0.0,,4.6,,,,,,,,,Hindu temple in India,,,indoor,,India,hindu temple,Q611371,2026-09-07
600,Hamta Pass,Kullu,Himachal Pradesh,,32.2703698,77.3465824,Adventure & Outdoor Activities,,0.0,,4.5,,,,,,,,,mountain pass on the Pir Panjal range in the Himalayas,,,,,India,mountain pass,Q24320190,2026-09-07
601,Tirthan valley,Kullu,Himachal Pradesh,,31.6263301,77.4221267,Natural Landscapes & Wildlife,,0.0,4.0,4.7,,,,,,,,,,,,,,India,,NOT_FOUND,2026-09-07
602,Chandrakhani Pass,Kullu,Himachal Pradesh,,32.0695132,77.2407744,Adventure & Outdoor Activities,,0.0,,4.3,,,,,,,,,,,,,,India,,NOT_FOUND,2026-09-07
603,Lama Dugh Hike,Kullu,Himachal Pradesh,,32.2489026,77.1750129,Adventure & Outdoor Activities,,1200.0,,4.7,,,,,,,,,,,,,,India,,NOT_FOUND,2026-09-07
604,Cycling from Manu Temple,Kullu,Himachal Pradesh,,32.257042,77.1760523,Adventure & Outdoor Activities,,0.0,,4.6,,,,,,,,,,,,,,India,,NOT_FOUND,2026-09-07
605,Rafting in river Beas,Kullu,Himachal Pradesh,,31.75917566,76.09238692,Adventure & Outdoor Activities,,450.0,,4.5,,,,,,,,,,,,,,India,,NOT_FOUND,2026-09-07
606,Paragliding in Kullu hills,Kullu,Himachal Pradesh,,31.959205,77.1089377,Adventure & Outdoor Activities,,2500.0,,4.7,,,,,,,,,,,,,,India,,NOT_FOUND,2026-09-07
607,Sunrise at Tiffin top,Nainital,Uttarakhand,,29.3836288,79.4505608,Natural Landscapes & Wildlife,,0.0,4.0,4.5,,,,,,,,,,,,,,India,,NOT_FOUND,2026-09-07
608,Shop at Tibetan  market,Nainital,Uttarakhand,,29.3893,79.4539,Shopping & Markets,,0.0,1.5,4.2,,,,,,,,,,,,,,India,,NOT_FOUND,2026-09-07
609,Corbett National Park,Nainital,Uttarakhand,,29.5521551,78.8832107,Natural Landscapes & Wildlife,,560.0,4.0,4.4,,,,,,,,,national park in India,,,outdoor,,India,national park,Q949297,2026-09-07
610,Cave garden,Nainital,Uttarakhand,,29.39215,79.44534,Natural Landscapes & Wildlife,,60.0,4.0,4.3,,,,,,,,,"sinkhole in South Australia, Australia which has been converted to a public garden and park",,,outdoor,,India,garden|doline|park,Q28220446,2026-09-07
611,Nainital zoo,Nainital,Uttarakhand,,29.3807621,79.4686432,Natural Landscapes & Wildlife,,50.0,4.0,4.3,,,,,,,,,zoo in India,,,,,India,zoo,Q7256608,2026-09-07
612,Shop at Mall road,Nainital,Uttarakhand,,29.387912,79.42225,Shopping & Markets,,0.0,1.5,4.5,,,,,,,,,,,,,,India,,NOT_FOUND,2026-09-07
613,Naina Devi temple,Nainital,Uttarakhand,,31.3064166,76.5358173,Religious & Spiritual Pilgrimages,,0.0,,4.6,,,,,,,,,"8th century Hindu pilgrimage site for Durga near Himachal and Punjab state border, India",,,indoor,,India,hindu temple,Q124256588,2026-09-07
614,Pangot and Kilbury bird sanctuary,Nainital,Uttarakhand,,29.4183001,79.4465006,Natural Landscapes & Wildlife,,0.0,4.0,4.2,,,,,,,,,,,,,,India,,NOT_FOUND,2026-09-07
615,Raj Bhawan Royal Palace,Nainital,Uttarakhand,,29.3742,79.4571,Cultural & Heritage Sites,,450.0,2.0,4.6,,,,,,,,,,,,,,India,,NOT_FOUND,2026-09-07
616,Cheena peak,Nainital,Uttarakhand,,29.4082133,79.4376161,Adventure & Outdoor Activities,,0.0,,4.7,,,,,,,,,,,,,,India,,NOT_FOUND,2026-09-07
617,Nainital ropeway,Nainital,Uttarakhand,,29.3925989,79.4551239,Adventure & Outdoor Activities,,54.0,,4.7,,,,,,,,,,,,,,India,,NOT_FOUND,2026-09-07
618,Triveni Ghat,Rishikesh,Uttarakhand,,30.1038807,78.2990999,Religious & Spiritual Pilgrimages,,0.0,,4.3,,,,,,,,,human settlement in India,,,,,India,human settlement,Q18354616,2026-09-07
619,Vashishta Gufa,Rishikesh,Uttarakhand,,30.1142698,78.4320327,Religious & Spiritual Pilgrimages,,0.0,,4.2,,,,,,,,,,,,,,India,,NOT_FOUND,2026-09-07
620,Kunjapuri Devi Temple and camps,Rishikesh,Uttarakhand,,30.1142698,78.4320327,Religious & Spiritual Pilgrimages,,0.0,,4.9,,,,,,,,,,,,,,India,,NOT_FOUND,2026-09-07
621,Neer Garh waterfall,Rishikesh,Uttarakhand,,30.1409843,78.3453658,Natural Landscapes & Wildlife,,0.0,4.0,4.4,,,,,,,,,,,,,,India,,NOT_FOUND,2026-09-07
622,Beatles Ashram,Rishikesh,Uttarakhand,,30.1127675,78.3121592,"Arts, Science & Literature Attractions",,0.0,,4.4,,,,,,,,,Ashram in India,,,,,India,ashram,Q55605098,2026-09-07
623,Giant swing or zip lining,Rishikesh,Uttarakhand,,30.1127675,78.3121592,Adventure & Outdoor Activities,,1800.0,,4.8,,,,,,,,,,,,,,India,,NOT_FOUND,2026-09-07
624,Camp on banks of Ganges,Rishikesh,Uttarakhand,,27.40364009,83.00912405,Adventure & Outdoor Activities,,0.0,,4.7,,,,,,,,,,,,,,India,,NOT_FOUND,2026-09-07
625,Ram Jhula,Rishikesh,Uttarakhand,,30.1237975,78.3141327,Religious & Spiritual Pilgrimages,,0.0,,4.6,,,,,,,,,"bridge in Uttarakhand, India",,,,,India,bridge,Q7288488,2026-09-07
626,Neelkantha Mahadeva Temple,Rishikesh,Uttarakhand,,30.081059,78.340565,Religious & Spiritual Pilgrimages,,0.0,,4.5,,,,,,,,,,,,,,India,,NOT_FOUND,2026-09-07
627,Bharat Mandir,Rishikesh,Uttarakhand,,20.593684,78.96288,"Religious & Spiritual Pilgrimages, Cultural & Heritage Sites",,0.0,2.0,3.8,,,,,,,,,,,,,,India,,NOT_FOUND,2026-09-07
628,Kunjapuri Devi,Rishikesh,Uttarakhand,,30.10271,78.185053,Religious & Spiritual Pilgrimages,,0.0,,5.0,,,,,,,,,,,,,,India,,NOT_FOUND,2026-09-07
629,Bhootnath Temple,Rishikesh,Uttarakhand,,30.1166,78.3181,"Religious & Spiritual Pilgrimages, Cultural & Heritage Sites",,0.0,2.0,4.5,,,,,,,,,,,,,,India,,NOT_FOUND,2026-09-07
630,Devprayag Sightseeing ,Rishikesh,Uttarakhand,,30.1459471,78.5992925,Sightseeing & Exploration,,0.0,,4.1,,,,,,,,,,,,,,India,,NOT_FOUND,2026-09-07
631, dip in Bramhakund,Haridwar,Uttarakhand,,29.957,78.1711,Religious & Spiritual Pilgrimages,,0.0,,4.8,,,,,,,,,,,,,,India,,NOT_FOUND,2026-09-07
632,Ganga arti at Har-ki-Pauri ghat,Haridwar,Uttarakhand,,29.9573607,78.1749687,"Religious & Spiritual Pilgrimages, Sightseeing & Exploration",,0.0,,4.6,,,,,,,,,,,,,,India,,NOT_FOUND,2026-09-07
633,Neel Dhara Pakshi Vihar,Haridwar,Uttarakhand,,29.96,78.16,Natural Landscapes & Wildlife,,0.0,4.0,4.0,,,,,,,,,,,,,,India,,NOT_FOUND,2026-09-07
634,Rajaji National Park ,Haridwar,Uttarakhand,,30.01542,78.1523984,Natural Landscapes & Wildlife,,150.0,4.0,4.3,,,,,,,,,national park,,,outdoor,,India,national park,Q181933,2026-09-07
635,Moti Bazar,Haridwar,Uttarakhand,,33.6136521,73.0590799,Shopping & Markets,,0.0,1.5,4.3,,,,,,,,,"primary school in Paschim Bardhaman district, West Bengal, India",,,,,India,rural school|primary school|coeducational school,Q80404276,2026-09-07
636,Jwalapur Bazar ,Haridwar,Uttarakhand,,29.9267729,78.1071057,Shopping & Markets,,0.0,1.5,4.1,,,,,,,,,,,,,,India,,NOT_FOUND,2026-09-07
637,Bara Bazar ,Haridwar,Uttarakhand,,22.5817406,88.3543972,Shopping & Markets,,0.0,1.5,4.5,,,,,,,,,former West Bengal Legislative Assembly constituency,,,,,India,former constituency of the west bengal legislative assembly,Q4858017,2026-09-07
638, Kankhal Bazar,Haridwar,Uttarakhand,,29.9270808,78.1437257,Shopping & Markets,,0.0,1.5,3.8,,,,,,,,,,,,,,India,,NOT_FOUND,2026-09-07
639,Tungnath Chandrashila trekk,Haridwar,Uttarakhand,,30.4862688,79.2212453,Adventure & Outdoor Activities,,250.0,,4.2,,,,,,,,,,,,,,India,,NOT_FOUND,2026-09-07
640,Chandi Devi Temple,Haridwar,Uttarakhand,,29.9337646,78.1805466,Religious & Spiritual Pilgrimages,,0.0,,4.4,,,,,,,,,Hindu Temple in Uttarakhand,,,indoor,,India,hindu temple,Q5071047,2026-09-07
641,Malsi Deer park,Dehradun,Uttarakhand,,30.3883325,78.0756051,Natural Landscapes & Wildlife,,20.0,4.0,4.3,,,,,,,,,,,,,,India,,NOT_FOUND,2026-09-07
642,Shiv Mandir,Dehradun,Uttarakhand,,30.408,78.0867,Religious & Spiritual Pilgrimages,,0.0,,4.5,,,,,,,,,"Maharashtra, India",,,indoor,,India,hindu temple,Q7499202,2026-09-07
643,Mindrolling monastery,Dehradun,Uttarakhand,,30.2615418,77.99771,Cultural & Heritage,,0.0,2.0,4.3,,,,,,,,,"Buddhist monastery in Chaqi, Zhanang County, Tibetan Autonomous Region, China",,,,,India,tibetan buddhist monastery|cultural heritage of china,Q1585574,2026-09-07
644,Nag Tibba trek,Dehradun,Uttarakhand,,30.5861111,78.1513889,Adventure & Outdoor,,1299.0,,4.8,,,,,,,,,,,,,,India,,NOT_FOUND,2026-09-08
645,Mall road,Dehradun,Uttarakhand,,30.20117924,78.236708,Shopping & Markets,,0.0,1.5,4.7,,,,,,,,,,,,,,India,,NOT_FOUND,2026-09-08
646,Lakshman jhila bridge,Dehradun,Uttarakhand,,30.1263798,78.3300576,Sightseeing & Exploration,,0.0,,4.0,,,,,,,,,,,,,,India,,NOT_FOUND,2026-09-08
647,Rajaji National Park ,Dehradun,Uttarakhand,,30.01542,78.1523984,Natural Landscapes & Wildlife,,0.0,4.0,4.6,,,,,,,,,national park,,,outdoor,,India,national park,Q181933,2026-09-08
648,Santala Devi temple,Dehradun,Uttarakhand,,30.3717801,78.0163764,Religious & Spiritual Pilgrimages,,0.0,,3.8,,,,,,,,,Hindu temple in Uttarakhand,,,,,India,religious building,Q136659420,2026-09-08
649,Indira market,Dehradun,Uttarakhand,,30.325,78.0436,Shopping & Markets,,0.0,1.5,4.7,,,,,,,,,,,,,,India,sub post office,Q69702598,2026-09-08
650,Pacific mall,Dehradun,Uttarakhand,,43.8263024,79.3062592,Shopping & Markets,,0.0,1.5,4.9,,,,,,,,,"shopping centre in Markham, Canada",,,,,India,shopping center,Q7122551,2026-09-08
651,Paltan Bazaar ,Dehradun,Uttarakhand,,26.1792286,91.7532732,Shopping & Markets,,0.0,1.5,3.7,,,,,,,,,human settlement in India,,,,,India,human settlement,Q11011881,2026-09-08
652,Lachhiwala nature park,Dehradun,Uttarakhand,,30.1991577,78.1261028,Natural Landscapes & Wildlife,,20.0,4.0,4.2,,,,,,,,,,,,,,India,,NOT_FOUND,2026-09-08
653,Fun n Food Kingdom ,Dehradun,Uttarakhand,,30.348544,77.959572,Adventure & Outdoor Activities,,1000.0,,4.3,,,,,,,,,,,,,,India,,NOT_FOUND,2026-09-08
654,Camel's back road,Mussoorie,Uttarakhand,,30.4603685,78.0728065,Sightseeing & Exploration,,0.0,,4.6,,,,,,,,,,,,,,India,,NOT_FOUND,2026-09-08
655,Jabarkhet nature reserve,Mussoorie,Uttarakhand,,30.4542004,78.1160948,Natural Landscapes & Wildlife,,0.0,4.0,4.3,,,,,,,,,,,,,,India,,NOT_FOUND,2026-09-08
656,Bhadraj Temple trek,Mussoorie,Uttarakhand,,30.4792968,77.9536697,Religious & Spiritual Pilgrimages,,0.0,,4.7,,,,,,,,,,,,,,India,,NOT_FOUND,2026-09-08
657,Har ki dun trek,Mussoorie,Uttarakhand,,31.1505598,78.4290807,Adventure & Outdoor Activities,,500.0,,4.1,,,,,,,,,,,,,,India,,NOT_FOUND,2026-09-08
658,Dodital trek,Mussoorie,Uttarakhand,,30.8429257,78.4685557,Adventure & Outdoor Activities,,12500.0,,4.2,,,,,,,,,,,,,,India,,NOT_FOUND,2026-09-08
659,Walking towards the Happy Valley from Library Head,Mussoorie,Uttarakhand,,30.4597892,78.0643723,Sightseeing & Exploration,,0.0,,5.0,,,,,,,,,,,,,,India,,NOT_FOUND,2026-09-08
660,"Skywalk ,zipswings in Mussoorie",Mussoorie,Uttarakhand,,30.4597892,78.0643723,Adventure & Outdoor Activities,,0.0,,4.9,,,,,,,,,,,,,,India,,NOT_FOUND,2026-09-08
661,Disco Skating Rink,Mussoorie,Uttarakhand,,30.4565771,78.0803029,Adventure & Outdoor Activities,,50.0,,3.6,,,,,,,,,,,,,,India,,NOT_FOUND,2026-09-08
662,Library Bazaar,Mussoorie,Uttarakhand,,30.4602549,78.063945,Shopping & Markets,,0.0,1.5,3.9,,,,,,,,,,,,,,India,,NOT_FOUND,2026-09-08
663,Kulri Bazaar,Mussoorie,Uttarakhand,,30.4554364,78.0788535,Shopping & Markets,,0.0,1.5,3.8,,,,,,,,,,,,,,India,,NOT_FOUND,2026-09-08
664,Mall road,Mussoorie,Uttarakhand,,30.459821,78.0645353,Shopping & Markets,,0.0,1.5,4.7,,,,,,,,,"hotel in Kanpur, India",,,,,India,hotel,Q111060077,2026-09-08
665,Mussoorie lake,Mussoorie,Uttarakhand,,30.4597892,78.0643723,Natural Landscapes & Wildlife,,0.0,4.0,4.8,,,,,,,,,,,,,,India,,NOT_FOUND,2026-09-08
666,Classic Emporium,Mussoorie,Uttarakhand,,30.4556286,78.0783262,"Shopping & Markets, Arts, Science & Literature Attractions",,100.0,1.5,4.6,,,,,,,,,,,,,,India,,NOT_FOUND,2026-09-08
667,Auli Gorson Trek,Auli,Uttarakhand,,30.066753,79.0192997,Adventure & Outdoor Activities,,0.0,,4.4,,,,,,,,,,,,,,India,,NOT_FOUND,2026-09-08
668,Nanda Devi Biosphere Reserve,Auli,Uttarakhand,,30.6587637,79.8386542,Natural Landscapes & Wildlife,,50.0,4.0,4.4,,,,,,,,,national park in India,,,outdoor,,India,national park|biosphere reserve,Q1648266,2026-09-08
669,Chattrakund Lake ,Auli,Uttarakhand,,30.066753,79.0192997,Natural Landscapes & Wildlife,,0.0,4.0,4.3,,,,,,,,,,,,,,India,,NOT_FOUND,2026-09-08
670,Trishul Peak,Auli,Uttarakhand,,30.3116666,79.7766666,Natural Landscapes & Wildlife,,0.0,4.0,4.4,,,,,,,,,,,,,,India,,NOT_FOUND,2026-09-08
671,Joshimath Market,Auli,Uttarakhand,,30.5561089,79.5616759,Shopping & Markets,,0.0,1.5,3.8,,,,,,,,,,,,,,India,,NOT_FOUND,2026-09-08
672,Bhalu dam,Ranikhet,Uttarakhand,,29.6204144,79.4775733,Natural Landscapes & Wildlife,,0.0,4.0,4.3,,,,,,,,,,,,,,India,,NOT_FOUND,2026-09-08
673,Jhula Devi temple,Ranikhet,Uttarakhand,,29.6181375,79.4440156,Religious & Spiritual Pilgrimages,,0.0,,4.2,,,,,,,,,,,,,,India,,NOT_FOUND,2026-09-08
674,Joshimath Market,Ranikhet,Uttarakhand,,30.5561089,79.5616759,Shopping & Markets,,0.0,1.5,4.8,,,,,,,,,,,,,,India,,NOT_FOUND,2026-09-08
675,Sadar bazaar,Ranikhet,Uttarakhand,,28.6585105,77.2127305,Shopping & Markets,,0.0,1.5,4.4,,,,,,,,,human settlement in India,,,,,India,human settlement,Q7397568,2026-09-08
676,Binsar Mahadev Mandir,Ranikhet,Uttarakhand,,30.0166279,79.1620873,Religious & Spiritual Pilgrimages,,0.0,,4.0,,,,,,,,,,,,,,India,,NOT_FOUND,2026-09-08
677,Rani Jheel,Ranikhet,Uttarakhand,,29.6397889,79.4301009,Natural Landscapes & Wildlife,,0.0,4.0,3.8,,,,,,,,,,,,,,India,,NOT_FOUND,2026-09-08
678,Yamunotri,Uttarkashi,Uttarakhand,,31.0139859,78.4599555,Religious & Spiritual Pilgrimages,,0.0,,4.2,,,,,,,,,tourist attraction,,,,,India,sacred place,Q976328,2026-09-08
679,Kedar Tal,Uttarkashi,Uttarakhand,,30.9098968,78.9581673,Adventure & Outdoor Activities,,0.0,,4.6,,,,,,,,,,,,,,India,,NOT_FOUND,2026-09-08
680,Harsil,Uttarkashi,Uttarakhand,,31.0383069,78.7377016,Natural Landscapes & Wildlife,,0.0,4.0,4.2,,,,,,,,,"Harshil is a village, tourist hill station and army area located on the banks of the Bhagirathi River, on the way to Gangotri, a Hindu pilgrimage site in Uttarkashi district of the Indian state of Uttarakhand.",,,,,India,,NOT_FOUND,2026-09-08
681,Jalmanga Shivling,Uttarkashi,Uttarakhand,,30.876944,79.065556,Religious & Spiritual Pilgrimages,,0.0,,4.7,,,,,,,,,,,,,,India,,NOT_FOUND,2026-09-08
682,Vishwanath temple,Uttarkashi,Uttarakhand,,30.7288877,78.4413948,Religious & Spiritual Pilgrimages,,0.0,,4.7,,,,,,,,,"Hindu temple in Varanasi, Uttar Pradesh, India",,,indoor,,India,hindu temple,Q3675,2026-09-08
683,Gaumukh glacier,Uttarkashi,Uttarakhand,,30.8712743,79.1015736,Natural Landscapes & Wildlife,,0.0,4.0,4.6,,,,,,,,,,,,,,India,,NOT_FOUND,2026-09-08
684,Nachiketa lake,Uttarkashi,Uttarakhand,,30.6447151,78.4708143,Natural Landscapes & Wildlife,,0.0,4.0,4.4,,,,,,,,,,,,,,India,,NOT_FOUND,2026-09-08
685,Nehru Institute of Mountaineering,Uttarkashi,Uttarakhand,,30.7213645,78.4330598,Adventure & Outdoor Activities,,70.0,,4.7,,,,,,,,,"school in Uttarkashi, Uttarakhand, India",,,,,India,,Q114928221,2026-09-08
686,Dayara Bugyal  trekking and camping,Uttarkashi,Uttarakhand,,30.7311363,78.4438565,Adventure & Outdoor Activities,,0.0,,4.8,,,,,,,,,,,,,,India,,NOT_FOUND,2026-09-08
687,Shakti temple,Uttarkashi,Uttarakhand,,30.7289819,78.4416864,Religious & Spiritual Pilgrimages,,0.0,,5.0,,,,,,,,,Hindu temple,,,,,India,,Q131926565,2026-09-08
688,Dodital lake,Uttarkashi,Uttarakhand,,30.8980456,78.5249391,"Natural Landscapes & Wildlife, Adventure & Outdoor Activities",,0.0,4.0,4.6,,,,,,,,,,,,,,India,,NOT_FOUND,2026-09-08
689,Maneri dam,Uttarkashi,Uttarakhand,,30.739167,78.528611,Sightseeing & Exploration,,0.0,,4.8,,,,,,,,,hydroelectric dam in India,,,outdoor,,India,gravity dam,Q6748424,2026-09-08
690,Fatehpur Sikri,Agra,Uttar Pradesh,,27.0945291,77.6679292,Cultural & Heritage Sites,,0.0,2.0,4.6,,,,,,,,,"town in Agra District, Uttar Pradesh, India",,,outdoor,,India,fort|city|municipal council (india),Q179046,2026-09-08
691,Jahangir Mahal,Agra,Uttar Pradesh,,27.1777367,78.0231589,Cultural & Heritage Sites,,50.0,2.0,4.5,,,,,,,,,17th century palace in Bundelkhand,,,,,India,,Q6123161,2026-09-08
692,Jama Masjid,Agra,Uttar Pradesh,,28.6506792,77.2334421,Religious & Spiritual Pilgrimages,,0.0,,4.8,,,,,,,,,"A congregational mosque or Friday mosque, or sometimes great mosque or grand mosque, is a mosque for hosting the Friday noon prayers known as jumu'ah. It can also host the Eid prayers in situations when there is no musalla or eidgah available nearby to host the prayers. In early Islamic history, the number of congregational mosques in one city was strictly limited. As cities and populations grew over time, it became more common for many mosques to host Friday prayers in the same area. In early c",,,,,India,,NOT_FOUND,2026-09-08
693,Humayun's Mosque,Agra,Uttar Pradesh,,27.1824852,78.0393755,Religious & Spiritual Pilgrimages,,0.0,,4.8,,,,,,,,,building in India,,,indoor,,India,mosque,Q59633491,2026-09-08
694,Kinari bazar,Agra,Uttar Pradesh,,28.6549795,77.2308333,Shopping & Markets,,0.0,1.5,4.4,,,,,,,,,,,,,,India,,Q12419561,2026-09-08
695,Sadar bazaar,Agra,Uttar Pradesh,,28.6585105,77.2127305,Shopping & Markets,,0.0,1.5,4.7,,,,,,,,,human settlement in India,,,,,India,human settlement,Q7397568,2026-09-08
696,Shah market,Agra,Uttar Pradesh,,27.2044073,78.0053732,Shopping & Markets,,0.0,1.5,4.6,,,,,,,,,,,,,,India,,NOT_FOUND,2026-09-08
697,TDI mall,Agra,Uttar Pradesh,,28.6508395,77.1206205,Shopping & Markets,,0.0,1.5,4.5,,,,,,,,,,,,,,India,,NOT_FOUND,2026-09-08
698,Subhash bazzar,Agra,Uttar Pradesh,,28.9764772,77.7063965,Shopping & Markets,,0.0,1.5,4.8,,,,,,,,,,,,,,India,,NOT_FOUND,2026-09-08
699,Sheesh Mahal,Agra,Uttar Pradesh,,31.5899396,74.3131807,Cultural & Heritage Sites,,10.0,2.0,4.0,,,,,,,,,"palace in Patiala, India",,,indoor,,India,palace,Q97063189,2026-09-08
700,Ramnagar Fort,Varanasi,Uttar Pradesh,,25.2695094,83.0250876,Cultural & Heritage Sites,,25.0,2.0,4.1,,,,,,,,,fort in India,,,outdoor,,India,fort,Q17085981,2026-09-08
701,Dashashwamedh Ghat ,Varanasi,Uttar Pradesh,,25.3061863,83.0102857,Religious & Spiritual Pilgrimages,,0.0,,4.4,,,,,,,,,"ghat of the Ganges, in Varanasi, Uttar Pradesh, India",,,outdoor,,India,ghat,Q3630402,2026-09-08
702,Sunset Boat Ride on the Ganges,Varanasi,Uttar Pradesh,,27.40364009,83.00912405,Sightseeing & Exploration,,0.0,,4.2,,,,,,,,,,,,,,India,,NOT_FOUND,2026-09-08
703,Sarnath pilgrim spot,Varanasi,Uttar Pradesh,,25.3715564,83.0252136,Religious & Spiritual Pilgrimages,,0.0,,4.0,,,,,,,,,,,,,,India,,NOT_FOUND,2026-09-08
704,Puran Das Road,Varanasi,Uttar Pradesh,,25.3176452,82.9739144,Sightseeing & Exploration,,0.0,,4.6,,,,,,,,,,,,,,India,,NOT_FOUND,2026-09-08
705,Gol Ganj,Varanasi,Uttar Pradesh,,25.3176452,82.9739144,Cultural & Heritage Sites,,0.0,2.0,4.3,,,,,,,,,"village in South Khorasan, Iran",,,,,India,village,Q5550574,2026-09-08
706,Mandir Gali,Varanasi,Uttar Pradesh,,25.3141329,83.0119239,Cultural & Heritage Sites,,0.0,2.0,4.4,,,,,,,,,,,,,,India,,NOT_FOUND,2026-09-08
707,Assi Ghat,Varanasi,Uttar Pradesh,,25.2886478,83.0067619,Religious & Spiritual Pilgrimages,,0.0,,4.3,,,,,,,,,ghat in Varanasi.,,,outdoor,,India,ghat,Q4808835,2026-09-08
708,Godowlia market,Varanasi,Uttar Pradesh,,25.3100747,83.0096485,Shopping & Markets,,0.0,1.5,4.5,,,,,,,,,,,,,,India,,NOT_FOUND,2026-09-08
709,The Banarasi Silk Emporium,Varanasi,Uttar Pradesh,,25.315424,82.9975498,Shopping & Markets,,0.0,1.5,4.7,,,,,,,,,,,,,,India,,NOT_FOUND,2026-09-08
710,Chhota Imambara,Lucknow,Uttar Pradesh,,26.8742913,80.9046688,	Cultural & Heritage Sites,,30.0,2.0,4.8,,,,,,,,,imambara built by Mohammad Ali Shah of Lucknow,,,,,India,husayniyya,Q4118173,2026-09-08
711,Hazratganj market,Lucknow,Uttar Pradesh,,26.8541536,80.9447827,Shopping & Markets,,0.0,1.5,4.9,,,,,,,,,,,,,,India,,NOT_FOUND,2026-09-08
712,British Residency,Lucknow,Uttar Pradesh,,26.8606372,80.9267863,Cultural & Heritage Sites,,0.0,2.0,4.5,,,,,,,,,"ambassadorial residence in Hyderabad, India",,,,,India,built structure,Q6434047,2026-09-08
713,Marine Drive,Lucknow,Uttar Pradesh,,18.9432111,72.8229983,Sightseeing & Exploration,,0.0,,4.3,,,,,,,,,"scenic road and promenade in Mumbai, India",,,,,India,thoroughfare|promenade,Q985828,2026-09-08
714,Chowk market,Lucknow,Uttar Pradesh,,26.8658585,80.9112496,Shopping & Markets,,0.0,1.5,4.3,,,,,,,,,,,,,,India,,NOT_FOUND,2026-09-08
715,Phoenix United mall,Lucknow,Uttar Pradesh,,26.798631,80.8969707,Shopping & Markets,,0.0,1.5,4.3,,,,,,,,,,,,,,India,,NOT_FOUND,2026-09-08
716,Kusum Sarovar,Mathura,Uttar Pradesh,,27.511932,77.4786939,Natural Landscapes & Wildlife,,0.0,4.0,4.4,,,,,,,,,"historic and sacred site in Mathura district, Uttar Pradesh, India",,,outdoor,,India,water reservoir|building complex,Q28173263,2026-09-08
717,Govardhan hills trekking,Mathura,Uttar Pradesh,,27.473,77.444,Adventure & Outdoor Activities,,0.0,,4.7,,,,,,,,,,,,,,India,,NOT_FOUND,2026-09-08
718," Dwarkadhish Temple,",Mathura,Uttar Pradesh,,22.2371082,68.9676255,"	Religious & Spiritual Pilgrimages, Cultural & Heritage Sites",,0.0,2.0,4.8,,,,,,,,,,,,,,India,,NOT_FOUND,2026-09-08
719,Vishram ghat,Mathura,Uttar Pradesh,,27.5025614,77.6890687,"	Religious & Spiritual Pilgrimages, Natural Landscapes & Wildlife",,0.0,4.0,4.3,,,,,,,,,ghat in Mathura,,,,,India,,Q7936013,2026-09-08
720,Tilak Dwar market,Mathura,Uttar Pradesh,,27.4990503,77.6847491,Shopping & Markets,,0.0,1.5,4.5,,,,,,,,,,,,,,India,,NOT_FOUND,2026-09-08
721,Krishna Nagar market,Mathura,Uttar Pradesh,,28.6509821,77.286333,Shopping & Markets,,0.0,1.5,4.3,,,,,,,,,,,,,,India,,NOT_FOUND,2026-09-08
722,Krishna Janmabhoomi temple,Mathura,Uttar Pradesh,,27.5048884,77.66978,"Religious & Spiritual Pilgrimages, Cultural & Heritage Sites",,0.0,2.0,4.7,,,,,,,,,,,,,,India,,NOT_FOUND,2026-09-08
723,Sita ki rasoi,Ayodhya,Uttar Pradesh,,26.7921605,82.1997954,Religious & Spiritual Pilgrimages,,300.0,,4.0,,,,,,,,,,,,,,India,,NOT_FOUND,2026-09-08
724,Treta-ke-Thakur,Ayodhya,Uttar Pradesh,,26.7921605,82.1997954,Religious & Spiritual Pilgrimages,,80.0,,4.6,,,,,,,,,,,,,,India,,NOT_FOUND,2026-09-08
725,Gulab bari,Ayodhya,Uttar Pradesh,,26.7798857,82.1575316,Natural Landscapes & Wildlife,,0.0,4.0,4.3,,,,,,,,,,,,,,India,,Q97705466,2026-09-08
726, Kanak Bhawan ,Ayodhya,Uttar Pradesh,,26.7980174,82.1992155,Religious & Spiritual Pilgrimages,,0.0,,4.5,,,,,,,,,"temple in Ayodhya, India",,,indoor,,India,hindu temple,Q115470321,2026-09-08
727, Nageshwarnath Temple,Ayodhya,Uttar Pradesh,,26.808995,82.2056474,Religious & Spiritual Pilgrimages,,0.0,,4.7,,,,,,,,,,,,,,India,,NOT_FOUND,2026-09-08
728,Hanuman Garhi,Ayodhya,Uttar Pradesh,,26.7952876,82.2016429,Religious & Spiritual Pilgrimages,,0.0,,4.5,,,,,,,,,"Hindu Temple in Uttar Pradesh, India",,,indoor,,India,hindu temple,Q5651372,2026-09-08
729,Govind Devji Temple,Vrindavan,Uttar Pradesh,,26.9288341,75.8240701,Religious & Spiritual Pilgrimages,,0.0,,4.9,,,,,,,,,,,,,,India,,NOT_FOUND,2026-09-08
730,Nidhivan,Vrindavan,Uttar Pradesh,,27.5842125,77.6979595,Natural Landscapes & Wildlife,,0.0,4.0,4.7,,,,,,,,,"sacred forest site dedicated to Radha Krishna in Vrindavan, India",,,indoor,,India,hindu temple,Q108582193,2026-09-08
731,ISKCON temple.,Vrindavan,Uttar Pradesh,,27.5621036,77.6324313,Religious & Spiritual Pilgrimages,,0.0,,4.3,,,,,,,,,,,,,,India,,NOT_FOUND,2026-09-08
732,Khusro Bagh,Allahabad,Uttar Pradesh,,25.4422713,81.8210388,Natural Landscapes & Wildlife,,0.0,4.0,4.6,,,,,,,,,garden and burial complex,,,outdoor,,India,garden|cemetery,Q3815023,2026-09-08
733,Anand Bhawan,Allahabad,Uttar Pradesh,,25.4605342,81.8598312,"Arts, Science & Literature Attractions",,0.0,,4.6,,,,,,,,,"private school in Barabanki, Uttar Pradesh, India",,,,,India,school,Q4751242,2026-09-08
734,Allahabad museum,Allahabad,Uttar Pradesh,,25.4568486,81.8489522,"	Arts, Science & Literature Attractions",,10.0,,4.4,,,,,,,,,"national museum in Prayagraj, India",,,indoor,"Chandrashekhar Azad Park, Kamla Nehru Road, Allahabad",India,museum,Q4730343,2026-09-08
735,Allahabad Fort ,Allahabad,Uttar Pradesh,,25.4295339,81.8768401,Cultural & Heritage Sites,,0.0,2.0,4.7,,,,,,,,,"fort in Prayagraj, India",,,outdoor,,India,fort,Q771105,2026-09-08
736,Allahabad Pillar,Allahabad,Uttar Pradesh,,25.431335,81.8750618,Cultural & Heritage Sites,,0.0,2.0,4.7,,,,,,,,,one of the Pillars of Ashoka,,,,,India,pillars of ashoka,Q4730345,2026-09-08
737,New Yamuna Bridge,Allahabad,Uttar Pradesh,,27.1152336,78.3686219,	Sightseeing & Exploration,,0.0,,3.6,,,,,,,,,,,,,,India,,NOT_FOUND,2026-09-08
738,All Saints Cathedral,Allahabad,Uttar Pradesh,,25.27432,81.493504,Religious & Spiritual Pilgrimages,,0.0,,4.0,,,,,,,,,Anglican cathedral,,,indoor,"5 Micheal Lotfallah St., Zamalek, Cairo",India,cathedral,Q15179391,2026-09-08
739, Katra Shopping area,Allahabad,Uttar Pradesh,,25.46962455,81.85626501,Shopping & Markets,,0.0,1.5,4.6,,,,,,,,,,,,,,India,,NOT_FOUND,2026-09-08
740,Chowk market,Allahabad,Uttar Pradesh,,25.4365576,81.8342194,Shopping & Markets,,0.0,1.5,4.2,,,,,,,,,,,,,,India,,NOT_FOUND,2026-09-08
741,Civil Lines shopping area,Allahabad,Uttar Pradesh,,25.4529334,81.8348882,Shopping & Markets,,0.0,1.5,4.2,,,,,,,,,,,,,,India,,NOT_FOUND,2026-09-08
742,Ganga Ghat and baandh wale Hanuman ji,Allahabad,Uttar Pradesh,,25.4290451,81.8850269,Religious & Spiritual Pilgrimages,,0.0,,4.3,,,,,,,,,,,,,,India,,NOT_FOUND,2026-09-08
743,Brahmaputra Market ,Noida,Uttar Pradesh,,28.5698995,77.3328421,Shopping & Markets,,0.0,1.5,4.7,,,,,,,,,,,,,,India,,NOT_FOUND,2026-09-08
744,Grand Venice Mall,Noida,Uttar Pradesh,,28.4525346,77.5263114,Shopping & Markets,,0.0,1.5,4.8,,,,,,,,,,,,,,India,,NOT_FOUND,2026-09-08
745,Stupa 18 Art Gallery,Noida,Uttar Pradesh,,28.5403868,77.3678857,"Arts, Science & Literature Attractions",,25.0,,4.6,,,,,,,,,,,,,,India,,NOT_FOUND,2026-09-08
746,Botanical Gardens of Noida,Noida,Uttar Pradesh,,28.5355161,77.3910265,Natural Landscapes & Wildlife,,50.0,4.0,4.2,,,,,,,,,,,,,,India,,NOT_FOUND,2026-09-08
747,Rashtriya Dalit Prerna Sthal and Green Garden,Noida,Uttar Pradesh,,28.5678724,77.3113144,Cultural & Heritage Sites,,0.0,2.0,4.2,,,,,,,,,"monument and museum in Uttar Pradesh, India",,,indoor,,India,museum,Q7295002,2026-09-08
748,Snow World ,Noida,Uttar Pradesh,,28.5670716,77.321134,Adventure & Outdoor Activities,,600.0,,4.4,,,,,,,,,"Snow World is an amusement park located in Hyderabad, Telangana, India within an area of about 2 acres (0.81 ha). Located beside Indira Park and along the Hussain Sagar lake, the park was inaugurated on 28 January 2004.",,,,,India,ski resort,Q1669177,2026-09-08
749,KidZania,Noida,Uttar Pradesh,,28.5647843,77.3220308,Adventure & Outdoor Activities,,700.0,,4.6,,,,,,,,,international chain of indoor family entertainment centers,,,,,India,business,Q866049,2026-09-08
750,ISKON temple,Noida,Uttar Pradesh,,28.5891805,77.3532039,Religious & Spiritual Pilgrimages,,0.0,,4.5,,,,,,,,,,,,,,India,,NOT_FOUND,2026-09-08
751,Aligarh's clock tower,Aligarh,Uttar Pradesh,,27.8955566,78.0739677,Cultural & Heritage Sites,,0.0,2.0,4.2,,,,,,,,,,,,,,India,,NOT_FOUND,2026-09-08
752,Chacha Nehru Gyan Pushp museum,Aligarh,Uttar Pradesh,,27.9112617,78.0673061,Cultural & Heritage Sites,,50.0,2.0,3.6,,,,,,,,,,,,,,India,,NOT_FOUND,2026-09-08
753,Rajmangal Publishers ,Aligarh,Uttar Pradesh,,27.9088506,78.1070889,"Arts, Science & Literature Attractions",,0.0,,4.6,,,,,,,,,,,,,,India,,NOT_FOUND,2026-09-08
754,Maulana Azad Library,Aligarh,Uttar Pradesh,,27.9119918,78.0751391,"Cultural & Heritage Sites, Arts, Science & Literature Attractions",,0.0,2.0,4.7,,,,,,,,,Central library of Aligarh Muslim University,,,,,India,academic library,Q3634529,2026-09-08
755,Jama Masjid ,Aligarh,Uttar Pradesh,,27.9074375,78.0721875,Religious & Spiritual Pilgrimages,,0.0,,3.8,,,,,,,,,"metro station in Delhi, India",,,,,India,metro station|underground station,Q19580828,2026-09-08
756,Khereshwar Temple,Aligarh,Uttar Pradesh,,27.8974327,78.0880665,Religious & Spiritual Pilgrimages,,0.0,,4.7,,,,,,,,,"Shivrajpur is a town and ""nagar panchayat"" in Kanpur Nagar district in the Indian state of Uttar Pradesh. It comes under Kanpur Metropolitan Area. Tecson India Solution",,,,,India,,NOT_FOUND,2026-09-08
757,Naqvi Park ,Aligarh,Uttar Pradesh,,27.9025224,78.0735455,Natural Landscapes & Wildlife,,0.0,4.0,4.5,,,,,,,,,,,,,,India,,NOT_FOUND,2026-09-08
758,Sky High sky-diving drop zone,Aligarh,Uttar Pradesh,,27.8973944,78.0880129,Adventure & Outdoor Activities,,0.0,,4.4,,,,,,,,,,,,,,India,,NOT_FOUND,2026-09-08
759,Hastinapur,Meerut,Uttar Pradesh,,29.1568812,77.9938497,"Sightseeing & Exploration, Cultural & Heritage Sites",,0.0,2.0,4.5,,,,,,,,,city,,,,,India,nagar panchayat government|city,Q459714,2026-09-08
760,Digambar Jain Temple,Meerut,Uttar Pradesh,,29.1520696,77.7790471,Religious & Spiritual Pilgrimages,,0.0,,4.4,,,,,,,,,,,,indoor,,India,jain temple|temple,Q67903866,2026-09-08
761,Gandhi Bagh,Meerut,Uttar Pradesh,,29.0073395,77.7027737,Sightseeing & Exploration,,20.0,,4.3,,,,,,,,,,,,,,India,,NOT_FOUND,2026-09-08
762,Mustafa Castle,Meerut,Uttar Pradesh,,28.9966751,77.6958551,Cultural & Heritage Sites,,80.0,2.0,4.7,,,,,,,,,"building in Meerut, India",,,,,India,built structure,Q6943243,2026-09-08
763,Saint John's Church,Meerut,Uttar Pradesh,,29.0127484,77.7085277,Religious & Spiritual Pilgrimages,,0.0,,4.7,,,,,,,,,"St. John's Church, Church of St. John, St John's Anglican Church, Church of St John the Evangelist, or variants, may refer to the following churches, former churches or other places:",,,,,India,,NOT_FOUND,2026-09-08
764,Abu Lane market,Meerut,Uttar Pradesh,,28.9963119,77.7020502,Shopping & Markets,,0.0,1.5,4.4,,,,,,,,,,,,,,India,,NOT_FOUND,2026-09-08
765,Sadar market,Meerut,Uttar Pradesh,,28.9940471,77.7008509,Shopping & Markets,,0.0,1.5,3.6,,,,,,,,,,,,,,India,,NOT_FOUND,2026-09-08
766,The Shopprix mall,Meerut,Uttar Pradesh,,28.9484829,77.6753675,Shopping & Markets,,0.0,1.5,3.8,,,,,,,,,,,,,,India,,NOT_FOUND,2026-09-08
767,Shapir ki Dargah,Meerut,Uttar Pradesh,,28.9844618,77.7064137,Religious & Spiritual Pilgrimages,,0.0,,4.0,,,,,,,,,,,,,,India,,NOT_FOUND,2026-09-08
768,Suraj Kund Temple,Meerut,Uttar Pradesh,,28.9770744,77.7148038,Religious & Spiritual Pilgrimages,,0.0,,4.8,,,,,,,,,,,,,,India,,NOT_FOUND,2026-09-08
769,Ram Janki Mandir,Kanpur,Uttar Pradesh,,26.449923,80.3318736,Religious & Spiritual Pilgrimages,,0.0,,4.7,,,,,,,,,,,,,,India,,NOT_FOUND,2026-09-08
770,Sisamau Bazaar,Kanpur,Uttar Pradesh,,26.4686173,80.3247923,Shopping & Markets,,0.0,1.5,4.7,,,,,,,,,,,,,,India,,NOT_FOUND,2026-09-08
771,Kanpur Sangrahalaya museum,Kanpur,Uttar Pradesh,,26.4715334,80.3610849,"Arts, Science & Literature Attractions",,5.0,,4.6,,,,,,,,,,,,,,India,,NOT_FOUND,2026-09-08
772,Becon Ganj,Kanpur,Uttar Pradesh,,26.4679038,80.3411542,Shopping & Markets,,0.0,1.5,4.4,,,,,,,,,"area of Kanpur, India",,,,,India,,Q24942458,2026-09-08
773,ISKON temple,Kanpur,Uttar Pradesh,,26.5392422,80.2618033,Religious & Spiritual Pilgrimages,,0.0,,4.4,,,,,,,,,,,,,,India,,NOT_FOUND,2026-09-08
774,Jain Glass Temple,Kanpur,Uttar Pradesh,,26.4672925,80.352937,Religious & Spiritual Pilgrimages,,0.0,,4.8,,,,,,,,,,,,,,India,,NOT_FOUND,2026-09-08
775,Valmiki Ashram temple,Kanpur,Uttar Pradesh,,26.5969791,80.2709045,Religious & Spiritual Pilgrimages,,0.0,,4.6,,,,,,,,,,,,,,India,,NOT_FOUND,2026-09-08
776,PPN market,Kanpur,Uttar Pradesh,,26.4748119,80.3434167,Shopping & Markets,,0.0,1.5,4.8,,,,,,,,,,,,,,India,,NOT_FOUND,2026-09-08
777,Moti Mall,Kanpur,Uttar Pradesh,,26.4812268,80.2999996,Shopping & Markets,,0.0,1.5,4.3,,,,,,,,,,,,,,India,,NOT_FOUND,2026-09-08
778,sweets at Civil Lines,Kanpur,Uttar Pradesh,,26.4750346,80.3532749,Shopping & Markets,,0.0,1.5,4.2,,,,,,,,,,,,,,India,,NOT_FOUND,2026-09-08
779,Z-Square mall,Kanpur,Uttar Pradesh,,26.4732721,80.352673,Shopping & Markets,,0.0,1.5,4.4,,,,,,,,,"building in Kanpur, India",,,,,India,shopping center,Q24806952,2026-09-08
780,Shankaracharya Temple,Srinagar,Jammu and Kashmir,,34.0789218,74.8437241,	Religious & Spiritual Pilgrimages,,0.0,,4.8,,,,,,,,,7th century hilltop Hindu temple in Jammu and Kashmir,,,indoor,,India,hindu temple,Q7488715,2026-09-08
781,Shopping at Lal Chowk,Srinagar,Jammu and Kashmir,,34.0713272,74.8106242,Shopping & Markets,,0.0,1.5,4.4,,,,,,,,,,,,,,India,,NOT_FOUND,2026-09-08
782,Shopping at Badshah Chowk,Srinagar,Jammu and Kashmir,,34.0725231,74.8090733,Shopping & Markets,,0.0,1.5,4.4,,,,,,,,,,,,,,India,,NOT_FOUND,2026-09-08
783,Indira Gandhi Memorial Tulip Garden,Srinagar,Jammu and Kashmir,,34.0960382,74.8784422,Natural Landscapes & Wildlife,,0.0,4.0,4.7,,,,,,,,,,,,,,India,,Q10860220,2026-09-08
784,Manasabal Lake,Srinagar,Jammu and Kashmir,,34.2471776,74.6707823,Natural Landscapes & Wildlife,,0.0,4.0,4.7,,,,,,,,,,,,,,India,,NOT_FOUND,2026-09-08
785,Hazratbal Mosque,Srinagar,Jammu and Kashmir,,34.1289329,74.8424909,	Religious & Spiritual Pilgrimages,,0.0,,4.4,,,,,,,,,"The Hazratbal Shrine, also known as Dargah Hazratbal, is a Sufi dargah and mosque located in Hazratbal area of Srinagar, in the union territory of Jammu and Kashmir, India. The shrine houses the Moi-e-Muqqadas, a relic traditionally believed to be a hair strand of the Islamic Prophet Muhammad. The shrine is situated on the northern bank of Dal Lake in Srinagar and is regarded by many Muslims as the holiest Islamic religious sites in Kashmir.",,,,,India,,NOT_FOUND,2026-09-08
786,"Rafting , Gondola ride at Sonmarg",Srinagar,Jammu and Kashmir,,34.3031616,75.293111,Adventure & Outdoor Activities,,0.0,,4.8,,,,,,,,,,,,,,India,,NOT_FOUND,2026-09-08
787,Skiing in Gulmarg,Srinagar,Jammu and Kashmir,,34.0483704,74.3804791,Adventure & Outdoor Activities,,370.0,,4.5,,,,,,,,,,,,,,India,,NOT_FOUND,2026-09-08
788,Chashme Shahi Garden,Srinagar,Jammu and Kashmir,,34.0860292,74.8877689,Natural Landscapes & Wildlife,,0.0,4.0,4.0,,,,,,,,,,,,,,India,,NOT_FOUND,2026-09-08
789,Shalimar Bagh,Srinagar,Jammu and Kashmir,,34.1495248,74.8729246,Natural Landscapes & Wildlife,,0.0,4.0,4.0,,,,,,,,,"Mughal garden in Srinagar, Kashmir",,,outdoor,,India,garden,Q851242,2026-09-08
790,Dachigam National Park,Srinagar,Jammu and Kashmir,,34.1371836,75.03775,Natural Landscapes & Wildlife,,250.0,4.0,3.8,,,,,,,,,national park in India,,,outdoor,,India,national park,Q1156717,2026-09-08
791,Betaab Valley ,Srinagar,Jammu and Kashmir,,34.0540604,75.3638888,Natural Landscapes & Wildlife,,0.0,4.0,3.8,,,,,,,,,"valley in Jammu and Kashmir, India",,,outdoor,,India,valley,Q4897311,2026-09-08
792,Aru Valley Â For daring expeditions ,Srinagar,Jammu and Kashmir,,34.0921618,75.2632189,Adventure & Outdoor Activities,,0.0,,3.7,,,,,,,,,,,,,,India,,NOT_FOUND,2026-09-08
793,Sinthan top,Srinagar,Jammu and Kashmir,,33.5811029,75.5102349,Natural Landscapes & Wildlife,,0.0,4.0,4.7,,,,,,,,,,,,,,India,,NOT_FOUND,2026-09-08
794,Pari mahal,Srinagar,Jammu and Kashmir,,34.0811939,74.877152,Natural Landscapes & Wildlife,,40.0,4.0,4.8,,,,,,,,,"building in Srinagar, India",,,,,India,building,Q7136985,2026-09-08
795,Doodh Pathri,Srinagar,Jammu and Kashmir,,33.8508928,74.5630486,Natural Landscapes & Wildlife,,0.0,4.0,4.5,,,,,,,,,,,,,,India,,NOT_FOUND,2026-09-08
796, Jamia Masjid Mosque ,Srinagar,Jammu and Kashmir,,53.3574109,-1.4819864,Religious & Spiritual Pilgrimages,,0.0,,4.4,,,,,,,,,,,,,,India,,NOT_FOUND,2026-09-08
797,Chandanwari,Srinagar,Jammu and Kashmir,,34.0144741,75.3186241,	Adventure & Outdoor Activities,,0.0,,4.2,,,,,,,,,"village in Jammu and Kashmir, India",,,,,India,human settlement|tourist destination,Q134268485,2026-09-08
798,Hemis National Park,Leh,Ladakh,,33.7187211,77.3882224,Natural Landscapes & Wildlife,,0.0,4.0,4.5,,,,,,,,,national park in India,,,outdoor,,India,national park,Q1604804,2026-09-08
799,Hunder Â Try Bactrian Camel Safari,Leh,Ladakh,,34.5752836,77.4988753,Adventure & Outdoor Activities,,0.0,,4.7,,,,,,,,,,,,,,India,,NOT_FOUND,2026-09-08
800,Khardungla Pass Â Visit Highest Cafeteria In The World,Leh,Ladakh,,34.2787271,77.6046756,Adventure & Outdoor Activities,,0.0,,4.7,,,,,,,,,,,,,,India,,NOT_FOUND,2026-09-08
801,Zanskar Valley Tour,Leh,Ladakh,,33.562562,76.987755,Natural Landscapes & Wildlife,,0.0,4.0,4.0,,,,,,,,,,,,,,India,,NOT_FOUND,2026-09-08
802,Spituk Gompa Trek,Leh,Ladakh,,34.1260631,77.5258614,Religious & Spiritual Pilgrimages,,0.0,,4.0,,,,,,,,,,,,,,India,,NOT_FOUND,2026-09-08
803,Lamayuru Â For Stargazing,Leh,Ladakh,,34.1525864,77.5770535,Sightseeing & Exploration,,0.0,,4.0,,,,,,,,,,,,,,India,,NOT_FOUND,2026-09-08
804,Chadar Trek ,Leh,Ladakh,,34.1448306,77.5643291,Adventure & Outdoor Activities,,0.0,,3.5,,,,,,,,,trekking on frozen zanskar river,,,,,India,hiking trail,Q8066266,2026-09-08
805,Drang Drung Glacier ,Leh,Ladakh,,34.1525864,77.5770535,Natural Landscapes & Wildlife,,0.0,4.0,3.8,,,,,,,,,glacier in India,,,,,India,glacier,Q3307729,2026-09-08
806,Main Bazaar ,Leh,Ladakh,,34.163644,77.5855065,Shopping & Markets,,0.0,1.5,4.7,,,,,,,,,,,,,,India,,NOT_FOUND,2026-09-08
807,Shanti Stupa,Leh,Ladakh,,34.1736196,77.5749988,	Religious & Spiritual Pilgrimages,,0.0,,4.7,,,,,,,,,,,,,,India,,NOT_FOUND,2026-09-08
808,Zorawar Fort,Leh,Ladakh,,34.1581389,77.5698889,Cultural & Heritage Sites,,225.0,2.0,4.6,,,,,,,,,,,,,,India,,NOT_FOUND,2026-09-08
809,Changthang Wildlife Sanctuary,Leh,Ladakh,,34.1525864,77.5770535,Natural Landscapes & Wildlife,,20.0,4.0,4.0,,,,,,,,,,,,,,India,,NOT_FOUND,2026-09-08
810,Hall Of Fame,Leh,Ladakh,,34.09,77.35,"Arts, Science & Literature Attractions",,0.0,,4.8,,,,,,,,,,,,,,India,,NOT_FOUND,2026-09-08
811,Stok Palace Museum,Leh,Ladakh,,34.0730019,77.5486221,"Arts, Science & Literature Attractions",,50.0,,4.7,,,,,,,,,,,,,,India,,NOT_FOUND,2026-09-08
812,Nubra Valley,Leh,Ladakh,,34.6863146,77.567288,Natural Landscapes & Wildlife,,0.0,4.0,4.0,,,,,,,,,"region in Ladakh, India",,,,,India,region,Q2004108,2026-09-08
813,Tso Moriri lake,Leh,Ladakh,,32.9112291,78.3159411,Natural Landscapes & Wildlife,,0.0,4.0,4.0,,,,,,,,,,,,,,India,,NOT_FOUND,2026-09-08
814,Chemrey Monastery,Leh,Ladakh,,33.9590905,77.7890953,Religious & Spiritual Pilgrimages,,0.0,,4.3,,,,,,,,,Buddhist monastery in India,,,,,India,tibetan buddhist monastery,Q4516011,2026-09-08
815,Namgyal Tsemo Monastery,Leh,Ladakh,,34.1672727,77.590485,Religious & Spiritual Pilgrimages,,0.0,,4.7,,,,,,,,,building in India,,,,,India,gompa|tibetan buddhist monastery,Q4312749,2026-09-08
816,Drass Valley,Kargil,Ladakh,,34.4100265,75.6602598,Natural Landscapes & Wildlife,,0.0,4.0,4.9,,,,,,,,,,,,,,India,,NOT_FOUND,2026-09-08
817,Yarab Tso,Diskit,Ladakh,,34.1514265,77.572562,Natural Landscapes & Wildlife,,0.0,4.0,4.5,,,,,,,,,,,,,,India,,NOT_FOUND,2026-09-08
818,Panamik village,Diskit,Ladakh,,34.7983858,77.5246795,Sightseeing & Exploration,,0.0,,4.6,,,,,,,,,,,,,,India,,NOT_FOUND,2026-09-08
819,Samstanling Monastery,Diskit,Ladakh,,34.36,77.42,Religious & Spiritual Pilgrimages,,0.0,,4.9,,,,,,,,,,,,,,India,,NOT_FOUND,2026-09-08
820,Darjeeling Toy Train,Darjeeling,West Bengal,,27.0410218,88.2662745,"Adventure & Outdoor Activities,Sightseeing & Exploration",,360.0,,4.8,,,,,,,,,,,,,,India,,NOT_FOUND,2026-09-08
821,Darjeeling Ropeway ,Darjeeling,West Bengal,,27.0614867,88.2537138,"Adventure & Outdoor Activities,Sightseeing & Exploration",,175.0,,5.0,,,,,,,,,"aerial lift in Darjeeling, West Bengal",,,,,India,aerial lift,Q5223081,2026-09-08
822,Chowk Bazaar,Darjeeling,West Bengal,,23.2587841,77.4016401,Shopping & Markets,,0.0,1.5,4.8,,,,,,,,,"wholesale market area in Dhaka, Bangladesh",,,,,India,bazaar,Q5105559,2026-09-08
823,"Himalayan Mountaineering Institute(Museum, Library, Souvenir shop)",Darjeeling,West Bengal,,27.330132,88.15141804,"Arts, Science & Literature Attractions",,1650.0,,4.9,,,,,,,,,,,,,,India,,NOT_FOUND,2026-09-08
824,Darjeeling Rock garden,Darjeeling,West Bengal,,27.0262862,88.236347,Natural Landscapes & Wildlife,,10.0,4.0,5.0,,,,,,,,,,,,,,India,,NOT_FOUND,2026-09-08
825,"Singalila National Park(camping, bird watching)",Darjeeling,West Bengal,,27.0371351,88.0762233,Natural Landscapes & Wildlife,,0.0,4.0,4.7,,,,,,,,,,,,,,India,,NOT_FOUND,2026-09-08
826,Kanchenjunga peak,Darjeeling,West Bengal,,27.7024914,88.147535,Natural Landscapes & Wildlife,,20.0,4.0,4.9,,,,,,,,,,,,,,India,,NOT_FOUND,2026-09-08
827,Sandakphu trek,Darjeeling,West Bengal,,26.9930536,88.1203558,	Adventure & Outdoor Activities,,500.0,,4.4,,,,,,,,,,,,,,India,,NOT_FOUND,2026-09-08
828,Teesta river(rafting),Darjeeling,West Bengal,,26.57695557,89.01279803,"Adventure & Outdoor Activities, Natural Landscapes & Wildlife",,500.0,4.0,5.0,,,,,,,,,,,,,,India,,NOT_FOUND,2026-09-08
829,Happy valley tea estate,Darjeeling,West Bengal,,27.051391,88.258613,Sightseeing & Exploration,,100.0,,4.9,,,,,,,,,"human settlement in Darjeeling Pulbazar community development block, Darjeeling Sadar subdivision, Darjeeling district, India",,,,,India,tea plantation|village in india,Q5653142,2026-09-08
830,Lamhatta Eco Park,Darjeeling,West Bengal,,27.0548913,88.3526049,Natural Landscapes & Wildlife,,0.0,4.0,4.7,,,,,,,,,,,,,,India,,NOT_FOUND,2026-09-08
831,Lepchajagat village,Darjeeling,West Bengal,,27.0127838,88.1992421,Sightseeing & Exploration,,0.0,,4.2,,,,,,,,,,,,,,India,,NOT_FOUND,2026-09-08
832,Mahakal temple,Darjeeling,West Bengal,,23.182905,75.768291,Religious & Spiritual Pilgrimages,,0.0,,4.8,,,,,,,,,Temple in West Bengal,,,indoor,,India,hindu temple,Q56278170,2026-09-08
833,Everest museum,Darjeeling,West Bengal,,27.9881206,86.9249751,"Arts, Science & Literature Attractions",,0.0,,4.9,,,,,,,,,,,,,,India,,NOT_FOUND,2026-09-08
834,Ring Mall,Darjeeling,West Bengal,,27.0397,88.2648,Shopping & Markets,,0.0,1.5,4.5,,,,,,,,,,,,,,India,,NOT_FOUND,2026-09-08
835,Padmaja Naidu zoological park,Darjeeling,West Bengal,,27.0586099,88.254405,Natural Landscapes & Wildlife,,110.0,4.0,4.5,,,,,,,,,,,,,,India,,NOT_FOUND,2026-09-08
836,Nightingale park,Darjeeling,West Bengal,,27.0537,88.2601,Sightseeing & Exploration,,20.0,,4.9,,,,,,,,,park in the United States of America,,,outdoor,,India,park,Q49531653,2026-09-08
837,Dali Monastery,Darjeeling,West Bengal,,27.0237303,88.2547445,Religious & Spiritual Pilgrimages,,0.0,,4.3,,,,,,,,,,,,,,India,,NOT_FOUND,2026-09-08
838,Ghoom monastery market,Darjeeling,West Bengal,,27.0008384,88.2436844,Shopping & Markets,,0.0,1.5,4.4,,,,,,,,,,,,,,India,,NOT_FOUND,2026-09-08
839,Teesta bazaar,Darjeeling,West Bengal,,27.0662177,88.4246364,Shopping & Markets,,0.0,1.5,4.4,,,,,,,,,"City/town in West Bengal, India",,,,,India,human settlement,Q7694586,2026-09-08
840,Mall road,Darjeeling,West Bengal,,27.2,88.15,Shopping & Markets,,0.0,1.5,4.9,,,,,,,,,,,,,,India,,NOT_FOUND,2026-09-08
841,Salugara monastery,Siliguri,West Bengal,,26.7670442,88.4452226,Religious & Spiritual Pilgrimages,,0.0,,4.6,,,,,,,,,"Buddhist shrine outside Siliguri, West Bengal, India",,,,,India,vihāra,Q3490042,2026-09-08
842,ISKON temple,Siliguri,West Bengal,,26.729,88.4433,Religious & Spiritual Pilgrimages,,0.0,,4.4,,,,,,,,,,,,,,India,,NOT_FOUND,2026-09-08
843,Mahananda Wildlife Sanctuary,Siliguri,West Bengal,,26.7961932,88.3630076,Natural Landscapes & Wildlife,,500.0,4.0,4.4,,,,,,,,,"Wildlife Sanctuary between the Teesta and Mahananda rivers in West Bengal, India",,,outdoor,,India,protected area|wildlife refuge,Q15243705,2026-09-08
844,Hong Kong market,Siliguri,West Bengal,,22.3193039,114.1693611,Shopping & Markets,,0.0,1.5,4.4,,,,,,,,,"Wall Street Journal article (July 8, 2022)",,,,,India,news article,Q114833221,2026-09-08
845,North Bengal Science centre,Siliguri,West Bengal,,26.7230488,88.3868987,"Arts, Science & Literature Attractions",,50.0,,4.3,,,,,,,,,,,,,,India,,NOT_FOUND,2026-09-08
846,Sepoy Dhura Tea garden,Siliguri,West Bengal,,26.8372379,88.3457906,Sightseeing & Exploration,,25.0,,4.2,,,,,,,,,,,,,,India,,NOT_FOUND,2026-09-08
847,Burirdabri Forest camp,Sundarbans,West Bengal,,22.077495,89.0293676,Adventure & Outdoor Activities,,600.0,,3.4,,,,,,,,,,,,,,India,,NOT_FOUND,2026-09-08
848,Sajnekhali Wildlife Sanctuary,Sundarbans,West Bengal,,22.1237762,88.8313005,Natural Landscapes & Wildlife,,550.0,4.0,4.4,,,,,,,,,"wildlife sanctuary in West Bengal, India",,,,,India,protected area,Q7402708,2026-09-08
849,Kotka beach,Sundarbans,West Bengal,,21.8449338,89.7960898,Natural Landscapes & Wildlife,,0.0,4.0,4.4,,,,,,,,,,,,,,India,,NOT_FOUND,2026-09-08
850,Hiron point,Sundarbans,West Bengal,,21.8162132,89.4626047,Natural Landscapes & Wildlife,,0.0,4.0,4.2,,,,,,,,,wildlife sanctuary in the south of the Sundarbans,,,,,India,animal sanctuary,Q16347046,2026-09-08
851,Dublar Char island,Sundarbans,West Bengal,,21.7728061,89.5591963,Natural Landscapes & Wildlife,,0.0,4.0,4.4,,,,,,,,,,,,,,India,,NOT_FOUND,2026-09-08
852,Bhagatpur crocodile project,Sundarbans,West Bengal,,21.46,88.18,Natural Landscapes & Wildlife,,50.0,4.0,4.4,,,,,,,,,,,,,,India,,NOT_FOUND,2026-09-08
853,Katra Masjid,Murshidabad,West Bengal,,24.184853,88.288056,Cultural & Heritage Sites,,0.0,2.0,4.5,,,,,,,,,mosque in India,,,indoor,,India,mosque,Q6377841,2026-09-08
854,Jahan Kosha cannon,Murshidabad,West Bengal,,24.1782162,88.2687913,Cultural & Heritage Sites,,0.0,2.0,4.5,,,,,,,,,cannon in West Bengal,,,,,India,cannon,Q6123048,2026-09-08
855,Murshidabad District museum,Murshidabad,West Bengal,,24.1759039,88.2933334,Cultural & Heritage Sites,,0.0,2.0,4.4,,,,,,,,,,,,,,India,,NOT_FOUND,2026-09-08
856,Puri beach,Puri,Odisha,,19.794749,85.8179386,Natural Landscapes & Wildlife,,0.0,4.0,4.6,,,,,,,,,,,,,,India,painting,Q100354317,2026-09-08
857,Raghurajpur Artist village,Puri,Odisha,,19.8855117,85.8252882,"Arts, Science & Literature Attractions",,0.0,,4.4,,,,,,,,,,,,,,India,,NOT_FOUND,2026-09-08
858,Chilika lake,Puri,Odisha,,19.8449627,85.8257455,Natural Landscapes & Wildlife,,0.0,4.0,4.4,,,,,,,,,lagoon in India,,,,,India,lagoon,Q2047322,2026-09-08
859,Konark Sun Temple,Konark,Odisha,,19.8875953,85.4788065,Religious & Spiritual Pilgrimages,,40.0,,3.9,,,,,,,,,"13th century Surya Temple and UNESCO world heritage site in Odisha, India",,,indoor,,India,hindu temple|sun temple|ruins,Q752091,2026-09-08
860,Chandrabhaga beach,Konark,Odisha,,19.8920686,86.0945364,"Natural Landscapes & Wildlife, Sightseeing & Exploration",,0.0,4.0,4.2,,,,,,,,,"beach in Odisha, India",,,outdoor,,India,beach,Q24952226,2026-09-08
861,Lingaraj Temple,Konark,Odisha,,20.2384519,86.091184,"Cultural & Heritage Sites, Religious & Spiritual Pilgrimages",,0.0,2.0,4.9,,,,,,,,,"railway station in Odisha, India",,,,,India,railway station|station located on surface,Q6553781,2026-09-08
862,ASI Museum,Konark,Odisha,,19.8920686,85.8337767,"Arts, Science & Literature Attractions",,850.0,,4.9,,,,,,,,,,,,,,India,,NOT_FOUND,2026-09-08
863,Ramchandi beach and water sports,Konark,Odisha,,19.8920686,86.091184,"	Natural Landscapes & Wildlife, Adventure & Outdoor Activities",,0.0,4.0,4.2,,,,,,,,,,,,,,India,,NOT_FOUND,2026-09-08
864,Jagannath Temple,Rourkela,Odisha,,22.2478283,86.091184,Religious & Spiritual Pilgrimages,,0.0,,3.9,,,,,,,,,"Temple at Puri, Odisha",,,indoor,,India,hindu temple,Q1678260,2026-09-08
865,Indira Gandhi Park,Rourkela,Odisha,,22.2402062,84.8777569,Sightseeing & Exploration,,0.0,,4.0,,,,,,,,,Park in Bhubaneswar,,,,,India,,Q130554077,2026-09-08
866,Pitamahal dam,Rourkela,Odisha,,22.2273546,84.8747082,Natural Landscapes & Wildlife,,0.0,4.0,3.6,,,,,,,,,,,,,,India,,NOT_FOUND,2026-09-08
867,VIP market,Rourkela,Odisha,,22.2477991,84.7472931,Shopping & Markets,,0.0,1.5,4.0,,,,,,,,,,,,,,India,organization,Q132014909,2026-09-08
868,Hanuman Vatika garden,Rourkela,Odisha,,22.2217242,84.867526,Sightseeing & Exploration,,0.0,,4.9,,,,,,,,,,,,,,India,,NOT_FOUND,2026-09-08
869,Odisha State Maritime museum,Cuttack,Odisha,,20.4789263,84.8535844,"Arts, Science & Literature Attractions",,0.0,,4.2,,,,,,,,,,,,,,India,,NOT_FOUND,2026-09-08
870,Bhitarkanika Wildlife Sanctuary,Cuttack,Odisha,,20.462521,85.8961823,Natural Landscapes & Wildlife,,20.0,4.0,4.6,,,,,,,,,"wildlife sanctuary in Odisha, India",,,,,India,protected area,Q106674990,2026-09-08
871,State Botanical garden,Cuttack,Odisha,,20.462521,85.8829895,Natural Landscapes & Wildlife,,50.0,4.0,4.2,,,,,,,,,botanical garden,,,outdoor,,India,botanical garden,Q841650,2026-09-08
872,Deer Park,Cuttack,Odisha,,20.4883078,85.8829895,Natural Landscapes & Wildlife,,25.0,4.0,4.9,,,,,,,,,"suburb of Melbourne, Victoria, Australia",,,,,India,suburb|gazetted locality of victoria,Q5250802,2026-09-08
873,Netaji museum,Cuttack,Odisha,,20.4700673,85.8619087,"Arts, Science & Literature Attractions",,0.0,,4.8,,,,,,,,,"museum in Cuttack, Odisha",,,indoor,"Oriya Bazar, Cuttack",India,museum,Q15724463,2026-09-08
874,Dhabaleshwar Island,Cuttack,Odisha,,20.462521,85.8668001,Sightseeing & Exploration,,0.0,,4.5,,,,,,,,,,,,,,India,,NOT_FOUND,2026-09-08
875,Debrigarh Wildlife Sanctuary,Sambalpur,Odisha,,21.4668716,83.8704949,Natural Landscapes & Wildlife,,40.0,4.0,4.8,,,,,,,,,,,,,,India,,NOT_FOUND,2026-09-08
876,Ghanteswari temple,Sambalpur,Odisha,,21.3546732,83.9811665,	Religious & Spiritual Pilgrimages,,0.0,,4.0,,,,,,,,,Hindu Temple in Odisha,,,indoor,"Bagbira, Chipilama, Rengalipali, Odisha 768026",India,temple,Q5555637,2026-09-08
877,Gudguda waterfall,Sambalpur,Odisha,,21.4668716,83.9192152,"Natural Landscapes & Wildlife, Adventure & Outdoor Activities",,0.0,4.0,4.7,,,,,,,,,,,,,,India,,NOT_FOUND,2026-09-08
878,Khasada waterfall,Berhampur,Odisha,,19.2558881,83.9811665,"Natural Landscapes & Wildlife, Adventure & Outdoor Activities",,0.0,4.0,4.4,,,,,,,,,,,,,,India,,NOT_FOUND,2026-09-08
879,Aryapalli beach,Berhampur,Odisha,,19.3149618,84.2332104,Natural Landscapes & Wildlife,,0.0,4.0,4.9,,,,,,,,,,,,,,India,,NOT_FOUND,2026-09-08
880,Bada bazaar,Berhampur,Odisha,,19.3149618,84.7940911,Shopping & Markets,,0.0,1.5,4.1,,,,,,,,,,,,,,India,,NOT_FOUND,2026-09-08
881,Sana bazaar,Berhampur,Odisha,,19.3156111,84.7940911,Shopping & Markets,,0.0,1.5,3.9,,,,,,,,,,,,,,India,,NOT_FOUND,2026-09-08
882,Gopalpur Beach,Berhampur,Odisha,,19.3149618,84.780999,Natural Landscapes & Wildlife,,0.0,4.0,4.0,,,,,,,,,,,,outdoor,,India,beach,Q76825848,2026-09-08
883,Hadargarh reservoir,Keonjhar,Odisha,,21.628933,84.7940911,Natural Landscapes & Wildlife,,10.0,4.0,3.9,,,,,,,,,,,,,,India,,NOT_FOUND,2026-09-08
884,Gundichaghagi waterfall,Keonjhar,Odisha,,21.3482992,85.5816847,"Natural Landscapes & Wildlife, Adventure & Outdoor Activities",,0.0,4.0,4.3,,,,,,,,,,,,,,India,,NOT_FOUND,2026-09-08
885,Sitabinji Fresco painting and rock inscription,Keonjhar,Odisha,,21.5024021,85.8221225,Cultural & Heritage Sites,,0.0,2.0,4.9,,,,,,,,,,,,,,India,,NOT_FOUND,2026-09-08
886,Sanaghagara Waterfall,Keonjhar,Odisha,,21.632772,85.7692277,"Natural Landscapes & Wildlife, Adventure & Outdoor Activities",,0.0,4.0,4.3,,,,,,,,,"waterfall in Odisha, India",,,outdoor,,India,waterfall,Q38180,2026-09-08
887,Kshirachora Gopinatha Temple,Balasore,Odisha,,21.5378777,85.5569556,Religious & Spiritual Pilgrimages,,0.0,,4.2,,,,,,,,,"Kshirachora Gopinatha Temple is a Hindu temple in Remuna, Odisha, India. The name ""Remuna"" is from the word ""Ramaniya"" which means very good-looking. ""Kshirachora"" in Odia means Stealer of condensed Milk and Gopinatha means the Divine Consort of Gopis. The reference is to child Krishna's love for milk and milk products. It is classified as one among the 108 Abhimana Kshethram of Vaishnavate tradition.",,,,,India,,NOT_FOUND,2026-09-08
888,Balaramgadi beach,Balasore,Odisha,,21.4727,86.8798117,"Natural Landscapes & Wildlife,Adventure & Outdoor Activities,  Sightseeing & Exploration",,0.0,4.0,4.4,,,,,,,,,,,,,,India,,NOT_FOUND,2026-09-08
889,Kuldiha Wildlife sanctuary,Balasore,Odisha,,21.4092041,86.18,Natural Landscapes & Wildlife,,40.0,4.0,4.9,,,,,,,,,"Wildlife Sanctuary in Odisha , India adjoining Simlipal National Park",,,outdoor,,India,wildlife refuge|protected area,Q15723901,2026-09-08
890,Mahabalipuram,Chennai,Tamil Nadu,,12.6207821,80.2824026,Cultural & Heritage Sites,,0.0,2.0,4.8,,,,,,,,,"Mamallapuram is a town in Chengalpattu district in the southeastern Indian state of Tamil Nadu, best known for the UNESCO World Heritage Site of 7th- and 8th-century Hindu Group of Monuments at Mahabalipuram. It is one of the famous tourist sites in India. The ancient name of the place is Thirukadalmallai. It is a part of Chennai Metropolitan Area. It is a satellite town of Chennai.",,,,,India,,NOT_FOUND,2026-09-08
891,Water activities at Muttukadu,Chennai,Tamil Nadu,,12.8270232,80.1944915,Adventure & Outdoor Activities,,130.0,,4.6,,,,,,,,,,,,,,India,,NOT_FOUND,2026-09-08
892,Queensland amusement park,Chennai,Tamil Nadu,,13.0300355,80.240321,"Adventure & Outdoor Activities, Sightseeing & Exploration",,550.0,,5.0,,,,,,,,,,,,,,India,,NOT_FOUND,2026-09-08
893,Pondy bazaar,Chennai,Tamil Nadu,,13.0398891,80.0276134,Shopping & Markets,,0.0,1.5,4.0,,,,,,,,,"shopping hub in Tamil Nadu, India",,,,,India,geographical feature,Q7227753,2026-09-08
894,Birla Planetarium,Chennai,Tamil Nadu,,22.5455141,80.2368745,"Arts, Science & Literature Attractions",,45.0,,4.8,,,,,,,,,"planetarium museum in Kolkata, India",,,,,India,planetarium,Q4916536,2026-09-08
895,National Art gallery,Chennai,Tamil Nadu,,13.0696912,88.3473163,"Arts, Science & Literature Attractions",,15.0,,4.2,,,,,,,,,"national art museum in Washington, D.C.",,,indoor,,India,national gallery|publishing house|nonprofit organization|united states federal agency|public–private partnership,Q214867,2026-09-08
896,Ubbalamadugu falls,Chennai,Tamil Nadu,,13.6041974,80.2561119,Natural Landscapes & Wildlife,,0.0,4.0,4.4,,,,,,,,,,,,,,India,,NOT_FOUND,2026-09-08
897,Pulicat lake,Chennai,Tamil Nadu,,13.0826802,79.84384101,Natural Landscapes & Wildlife,,0.0,4.0,4.7,,,,,,,,,brackish water,,,outdoor,,India,lake|hypersaline lagoon,Q708366,2026-09-08
898,Barracuda bay(fishing),Chennai,Tamil Nadu,,13.0826802,80.2707184,"Adventure & Outdoor Activities, Natural Landscapes & Wildlife",,0.0,4.0,4.9,,,,,,,,,,,,,,India,,NOT_FOUND,2026-09-08
899,Scuba diving at Covelong beach,Chennai,Tamil Nadu,,12.7870019,80.2707184,Adventure & Outdoor Activities,,6000.0,,4.6,,,,,,,,,,,,,,India,,NOT_FOUND,2026-09-08
900,Adventure sports at Covelong beach,Chennai,Tamil Nadu,,12.7870019,80.2504447,Adventure & Outdoor Activities,,2000.0,,4.9,,,,,,,,,,,,,,India,,NOT_FOUND,2026-09-08
901,Arignar Anna Zoological park,Chennai,Tamil Nadu,,12.8797685,80.2504447,Natural Landscapes & Wildlife,,50.0,4.0,4.3,,,,,,,,,"zoo in Vandalur, Tamil Nadu, India",,,,,India,zoo,Q647587,2026-09-08
902,Dakshinachitra museum,Chennai,Tamil Nadu,,13.0038421,80.0808294,Cultural & Heritage Sites,,110.0,2.0,3.9,,,,,,,,,,,,,,India,,NOT_FOUND,2026-09-08
903,MGR Film city,Chennai,Tamil Nadu,,12.991932,80.2704729,"	Arts, Science & Literature Attractions",,600.0,,4.7,,,,,,,,,"Film studio in Taramani, Chennai. India",,,,,India,film studio,Q6715762,2026-09-08
904,Thiruparankundram temple,Madurai,Tamil Nadu,,13.0826802,80.2474329,Religious & Spiritual Pilgrimages,,27.0,,4.1,,,,,,,,,,,,,,India,,NOT_FOUND,2026-09-08
905,Meghamalai,Madurai,Tamil Nadu,,9.8821748,80.2707184,"Natural Landscapes & Wildlife, Sightseeing & Exploration",,0.0,4.0,4.1,,,,,,,,,mountain range,,,,,India,mountain range,Q3537822,2026-09-08
906,Alagar Kovil temple,Madurai,Tamil Nadu,,9.9395002,78.071976,Religious & Spiritual Pilgrimages,,10.0,,3.8,,,,,,,,,,,,,,India,,NOT_FOUND,2026-09-08
907,Vaigai dam,Madurai,Tamil Nadu,,9.9252007,78.1187073,Sightseeing & Exploration,,0.0,,4.1,,,,,,,,,dam on the Vaigai River,,,outdoor,,India,dam,Q3569076,2026-09-08
908,Gandhi memorial museum,Madurai,Tamil Nadu,,10.0536633,78.1197754,Cultural & Heritage Sites,,0.0,2.0,3.9,,,,,,,,,"museum and public service institution dedicated to Mahatma Gandhi at Barrackpore in West Bengal, India",,,indoor,,India,museum,Q111281276,2026-09-08
909,Banana market,Madurai,Tamil Nadu,,9.9297856,77.5897123,"Culinary & Food Experiences, Shopping & Markets",,50.0,1.5,4.0,,,,,,,,,market focussed on the trade of bananas,,,,,India,,Q124363327,2026-09-08
910,Jain caves,Madurai,Tamil Nadu,,9.9211183,78.1381094,"Cultural & Heritage Sites, Sightseeing & Exploration",,0.0,2.0,4.8,,,,,,,,,,,,indoor,,India,cave temple,Q99227955,2026-09-08
911, Thirumalai Nayak palace,Madurai,Tamil Nadu,,9.8780384,78.1243023,Cultural & Heritage Sites,,200.0,2.0,4.9,,,,,,,,,,,,,,India,,NOT_FOUND,2026-09-08
912,St. Mary's cathedral,Madurai,Tamil Nadu,,9.9150904,78.0672102,Religious & Spiritual Pilgrimages,,10.0,,4.9,,,,,,,,,cathedral located in Lincoln in England,,,indoor,,India,anglican or episcopal cathedral,Q390169,2026-09-08
913,Shopping at Puthu Mandapam,Madurai,Tamil Nadu,,9.9126199,78.1237483,Shopping & Markets,,0.0,1.5,4.0,,,,,,,,,,,,,,India,,NOT_FOUND,2026-09-08
914,Sea world aquarium,Rameswaram,Tamil Nadu,,9.9195045,78.1212534,"Sightseeing & Exploration, Natural Landscapes & Wildlife",,0.0,4.0,4.7,,,,,,,,,,,,,,India,,NOT_FOUND,2026-09-08
915,Rameswaram lighthouse,Rameswaram,Tamil Nadu,,9.2875837,78.1193418,Sightseeing & Exploration,,0.0,,4.1,,,,,,,,,A lighthouse on the east coast of India,,,,,India,lighthouse,Q141266595,2026-09-08
916,Kalam national memorial,Rameswaram,Tamil Nadu,,9.3175826,79.3129488,Cultural & Heritage Sites,,10.0,2.0,4.7,,,,,,,,,,,,,,India,,NOT_FOUND,2026-09-08
917,Water bird Sanctuary,Rameswaram,Tamil Nadu,,9.2881317,79.3306887,Natural Landscapes & Wildlife,,0.0,4.0,4.2,,,,,,,,,,,,,,India,,NOT_FOUND,2026-09-08
918,Adam's bridge,Rameswaram,Tamil Nadu,,9.2875837,79.2709097,Cultural & Heritage Sites,,0.0,2.0,2.0,,,,,,,,,landform,,,,,India,landform,Q201743,2026-09-08
919,Ariyaman beach,Rameswaram,Tamil Nadu,,9.0864914,79.3129488,Adventure & Outdoor Activities,,0.0,,4.5,,,,,,,,,,,,,,India,,NOT_FOUND,2026-09-08
920,Agni teertham sacred bath,Rameswaram,Tamil Nadu,,9.2968404,79.5685186,Religious & Spiritual Pilgrimages,,0.0,,4.8,,,,,,,,,,,,,,India,,NOT_FOUND,2026-09-08
921,Kothandaramaswamy Temple,Rameswaram,Tamil Nadu,,9.2886164,79.0680317,Religious & Spiritual Pilgrimages,,0.0,,4.0,,,,,,,,,Hindu shrine,,,indoor,,India,kodandarama temple|hindu temple,Q15239986,2026-09-08
922,Thiruvalluvar Statue,Kanyakumari,Tamil Nadu,,8.0778853,79.3173919,Cultural & Heritage Sites,,20.0,2.0,4.6,,,,,,,,,"stone sculpture of the Tamil philosopher-poet Valluvar; in Kanyakumari, Tamil Nadu, India",,,,,India,built structure,Q1146547,2026-09-08
923,Padmanabhapuram palace,Kanyakumari,Tamil Nadu,,8.0778074,77.5558698,Cultural & Heritage Sites,,10.0,2.0,4.1,,,,,,,,,palace in Travancore,,,indoor,,India,palace,Q3534509,2026-09-08
924,Triveni Sangam,Kanyakumari,Tamil Nadu,,8.2507431,77.5540357,Cultural & Heritage Sites,,0.0,2.0,4.7,,,,,,,,,"confluence of three holy rivers, important in Hinduism",,,,,India,,Q2654257,2026-09-08
925,Sannathi Street shopping,Kanyakumari,Tamil Nadu,,8.0780746,77.3266987,Shopping & Markets,,0.0,1.5,3.9,,,,,,,,,,,,,,India,,NOT_FOUND,2026-09-08
926,Courtallam falls,Kanyakumari,Tamil Nadu,,8.0809502,77.5508165,Natural Landscapes & Wildlife,,0.0,4.0,4.8,,,,,,,,,,,,,,India,,NOT_FOUND,2026-09-08
927,Vattakottai fort,Kanyakumari,Tamil Nadu,,8.9341102,77.5508198,Cultural & Heritage Sites,,40.0,2.0,4.6,,,,,,,,,"historic site in Kanyakumari, India",,,,,India,,Q7917189,2026-09-08
928,St.Xavier Church,Kanyakumari,Tamil Nadu,,8.125627,77.277938,Religious & Spiritual Pilgrimages,,0.0,,4.2,,,,,,,,,,,,,,India,,NOT_FOUND,2026-09-08
929,Kumari Amman temple,Kanyakumari,Tamil Nadu,,8.1748264,77.564996,Religious & Spiritual Pilgrimages,,0.0,,4.6,,,,,,,,,,,,,,India,,NOT_FOUND,2026-09-08
930,Ooty Lake,Kanyakumari,Tamil Nadu,,8.0793037,77.4385005,"Sightseeing & Exploration, Natural Landscapes & Wildlife",,0.0,4.0,4.7,,,,,,,,,lake in India,,,outdoor,,India,lake,Q7095463,2026-09-08
931,Trek to Dhoni hills,Coimbatore,Tamil Nadu,,11.046568,76.6950324,Adventure & Outdoor Activities,,0.0,,4.5,,,,,,,,,,,,,,India,,NOT_FOUND,2026-09-08
932,Trek to Perumal peak,Coimbatore,Tamil Nadu,,11.0168445,76.8517068,Adventure & Outdoor Activities,,0.0,,4.7,,,,,,,,,,,,,,India,,NOT_FOUND,2026-09-08
933,Trek to Thalaiyar falls,Coimbatore,Tamil Nadu,,11.0168445,76.9558321,Adventure & Outdoor Activities,,0.0,,4.3,,,,,,,,,,,,,,India,,NOT_FOUND,2026-09-08
934,Black Thunder amusement park,Coimbatore,Tamil Nadu,,11.0168445,76.9558321,Adventure & Outdoor Activities,,0.0,,4.6,,,,,,,,,,,,,,India,,NOT_FOUND,2026-09-08
935,Brookefields mall,Coimbatore,Tamil Nadu,,11.3264548,76.9558321,Shopping & Markets,,65.0,1.5,4.4,,,,,,,,,building in India,,,,,India,shopping center,Q4974511,2026-09-08
936,Adiyogi Shiva Statue ,Coimbatore,Tamil Nadu,,11.0092555,76.9127039,Religious & Spiritual Pilgrimages,,0.0,,4.7,,,,,,,,,"Bust of Shiva in Tamil Nadu, India",,,,,India,bust|world record,Q29026064,2026-09-08
937,Racing events at Chettipalayam,Coimbatore,Tamil Nadu,,10.9724897,76.9590555,Adventure & Outdoor Activities,,10.0,,4.4,,,,,,,,,,,,,,India,,NOT_FOUND,2026-09-08
938,GeDee Car museum tour,Coimbatore,Tamil Nadu,,10.9132206,76.7404437,"Arts, Science & Literature Attractions, Cultural & Heritage Sites",,0.0,2.0,4.5,,,,,,,,,,,,,,India,,NOT_FOUND,2026-09-08
939,Textile museum tour ,Coimbatore,Tamil Nadu,,11.0066289,77.036902,"Arts, Science & Literature Attractions",,0.0,,4.7,,,,,,,,,,,,,,India,,NOT_FOUND,2026-09-08
940,Anamalai Wildlife Sanctuary,Coimbatore,Tamil Nadu,,11.0347344,76.9779209,Natural Landscapes & Wildlife,,0.0,4.0,4.7,,,,,,,,,"Anamalai Tiger Reserve, earlier known as Indira Gandhi Wildlife Sanctuary and National Park and as Anaimalai Wildlife Sanctuary, is a protected area in the Anaimalai Hills of Pollachi and Valparai taluks of Coimbatore District and Udumalaipettai taluk in Tiruppur District, Tamil Nadu, India. The Tamil Nadu Environment and Forests Department by a notification dated 27 June 2007, declared an extent of 958.59 km2 that encompassed the erstwhile IGWLS&NP or Anaimalai Wildlife Sanctuary, as Anaimalai ",,,,,India,,NOT_FOUND,2026-09-08
941,Valankulam lake,Coimbatore,Tamil Nadu,,10.4059862,77.0324697,Sightseeing & Exploration,,0.0,,4.5,,,,,,,,,lake in India,,,outdoor,,India,lake,Q7909252,2026-09-08
942,Velliangiri hills,Coimbatore,Tamil Nadu,,10.991694,77.1294933,Adventure & Outdoor Activities,,40.0,,4.6,,,,,,,,,,,,,,India,,NOT_FOUND,2026-09-08
943,TNAU Botanical gardens,Coimbatore,Tamil Nadu,,10.983279,76.972167,Sightseeing & Exploration,,60.0,,4.5,,,,,,,,,,,,,,India,,NOT_FOUND,2026-09-08
944,Nilgiri Biosphere Nature Park ,Coimbatore,Tamil Nadu,,11.0147932,76.6926714,Natural Landscapes & Wildlife,,0.0,4.0,4.6,,,,,,,,,,,,,,India,,NOT_FOUND,2026-09-08
945,Maryoor hilly getaway,Coimbatore,Tamil Nadu,,11.02638,76.9315362,Sightseeing & Exploration,,20.0,,4.1,,,,,,,,,,,,,,India,,NOT_FOUND,2026-09-08
946,Night Safari,Kodaikanal,Tamil Nadu,,10.2343586,76.9558321,Adventure & Outdoor Activities,,10.0,,4.3,,,,,,,,,nocturnal zoo in Singapore,,,,,India,zoo,Q2234723,2026-09-08
947,Stroll at Coaker's Walk,Kodaikanal,Tamil Nadu,,10.2391086,77.4863295,Sightseeing & Exploration,,20.0,,4.3,,,,,,,,,,,,,,India,,NOT_FOUND,2026-09-08
948,Dolphin's Nose,Kodaikanal,Tamil Nadu,,10.2300175,77.4977456,"Sightseeing & Exploration, Natural Landscapes & Wildlife",,20.0,4.0,4.6,,,,,,,,,hill in Visakhapatnam between the port and Yarada village,,,,,India,mountain,Q39049397,2026-09-08
949,Caps valley viewpoint,Kodaikanal,Tamil Nadu,,10.2166621,77.4937172,"Sightseeing & Exploration, Natural Landscapes & Wildlife",,50.0,4.0,4.7,,,,,,,,,,,,,,India,,NOT_FOUND,2026-09-08
950,Bear Shola falls,Kodaikanal,Tamil Nadu,,10.1807628,77.4863964,"Sightseeing & Exploration, Natural Landscapes & Wildlife",,10.0,4.0,4.6,,,,,,,,,,,,,,India,,NOT_FOUND,2026-09-08
951,Bryant park,Kodaikanal,Tamil Nadu,,10.2396614,77.4175698,Sightseeing & Exploration,,50.0,,4.8,,,,,,,,,American comedian and actor,,,,,India,human,Q111335867,2026-09-08
952,Berijam lake,Kodaikanal,Tamil Nadu,,10.2310165,77.4785336,"Sightseeing & Exploration, Natural Landscapes & Wildlife",,0.0,4.0,4.7,,,,,,,,,lake in India,,,outdoor,,India,lake,Q4891811,2026-09-08
953,Guna caves,Kodaikanal,Tamil Nadu,,10.1841444,77.4918904,Adventure & Outdoor Activities,,0.0,,4.5,,,,,,,,,,,,,,India,,NOT_FOUND,2026-09-08
954,La Saleth Church,Kodaikanal,Tamil Nadu,,10.2103444,77.3959592,Religious & Spiritual Pilgrimages,,0.0,,4.6,,,,,,,,,,,,,,India,,NOT_FOUND,2026-09-08
955,Hike to Pillars of Nature,Kodaikanal,Tamil Nadu,,10.2235459,77.4617799,Adventure & Outdoor Activities,,650.0,,4.5,,,,,,,,,,,,,,India,,NOT_FOUND,2026-09-08
956,Gangaikonda Cholapuram,Thanjavur,Tamil Nadu,,10.7826954,77.4977456,Cultural & Heritage Sites,,0.0,2.0,4.7,,,,,,,,,"Village in Thanjavur District, Tamil Nadu, India",,,,,India,village in india,Q1493439,2026-09-08
957,Shiva Ganga Garden ,Thanjavur,Tamil Nadu,,11.2075881,79.1314587,Sightseeing & Exploration,,0.0,,4.7,,,,,,,,,,,,,,India,,NOT_FOUND,2026-09-08
958,Vijaynagar fort,Thanjavur,Tamil Nadu,,10.1841413,79.4513858,Cultural & Heritage Sites,,500.0,2.0,4.6,,,,,,,,,,,,,,India,,NOT_FOUND,2026-09-08
959,Thanjavur Royal Palace and Art Gallery,Thanjavur,Tamil Nadu,,10.7929397,79.1961043,Cultural & Heritage Sites,,0.0,2.0,4.5,,,,,,,,,,,,,,India,,NOT_FOUND,2026-09-08
960,Pancha Ratha,Mahabalipuram,Tamil Nadu,,12.608893,80.189613,Cultural & Heritage Sites,,0.0,2.0,4.7,,,,,,,,,"monument complex at Mahabalipuram, part of the UNESCO World Heritage site inscribed by UNESCO as Group of Monuments at Mahabalipuram",,,indoor,,India,hindu temple,Q2445615,2026-09-08
961,Krishna's Chunk,Mahabalipuram,Tamil Nadu,,11.1271225,78.6568942,Sightseeing & Exploration,,10.0,,4.5,,,,,,,,,,,,,,India,,NOT_FOUND,2026-09-08
962,Arjuna's Penance,Mahabalipuram,Tamil Nadu,,12.6179495,80.1927029,Sightseeing & Exploration,,0.0,,4.5,,,,,,,,,"UNESCO World Heritage Site in Tamil Nadu, India",,,outdoor,,India,monument,Q1753664,2026-09-08
963,India Seashell Museum,Mahabalipuram,Tamil Nadu,,12.6094039,80.1876212,Cultural & Heritage Sites,,20.0,2.0,4.5,,,,,,,,,,,,,,India,,NOT_FOUND,2026-09-08
964,Crocodile farm,Mahabalipuram,Tamil Nadu,,11.1271225,78.6568942,Sightseeing & Exploration,,0.0,,4.6,,,,,,,,,establishment for breeding and raising of crocodilians,,,,,India,,Q25691,2026-09-08
965,Cavern Temples,Mahabalipuram,Tamil Nadu,,11.1271225,78.6568942,	Religious & Spiritual Pilgrimages,,0.0,,4.7,,,,,,,,,,,,,,India,,NOT_FOUND,2026-09-08
966,Grange Treetop Adventure,Yercaud,Tamil Nadu,,11.7776437,78.2208538,Adventure & Outdoor Activities,,0.0,,4.1,,,,,,,,,,,,,,India,,NOT_FOUND,2026-09-08
967,The Oak trails,Yercaud,Tamil Nadu,,11.7865552,78.2036325,Adventure & Outdoor Activities,,200.0,,4.5,,,,,,,,,"hotel in Naini Tāl, India",,,,,India,hotel,Q111861403,2026-09-08
968,Undavalli caves,Vijayawada,Andhra Pradesh,,16.4971412,80.5821896,Sightseeing & Exploration,,0.0,,4.8,,,,,,,,,"rock-cut caves in Undavalli village, Guntur district",,,outdoor,,India,cave|built structure,Q3520683,2026-09-08
969,Bhavani island,Vijayawada,Andhra Pradesh,,16.523107,80.5730084,Adventure & Outdoor Activities,,0.0,,4.5,,,,,,,,,island in Vijayawada,,,outdoor,,India,river island,Q17198871,2026-09-08
970,Kondapalli Fort,Vijayawada,Andhra Pradesh,,16.6254258,80.5306487,Sightseeing & Exploration,,250.0,,4.4,,,,,,,,,"fort in Kondapalli village of Krishna district in Andhra Pradesh, India",,,outdoor,,India,military base|ruins|fort|palace,Q6428950,2026-09-08
971,Shopping at Besant road,Vijayawada,Andhra Pradesh,,16.5107307,80.6265836,Shopping & Markets,,0.0,1.5,4.5,,,,,,,,,,,,,,India,,NOT_FOUND,2026-09-08
972,Bapu museum,Vijayawada,Andhra Pradesh,,16.5076521,80.6277072,"Arts, Science & Literature Attractions",,0.0,,4.6,,,,,,,,,Indian Victorian-built museum of archaeology in Andhra Pradesh,,,,,India,,Q4543123,2026-09-08
973,Mogalarajapuram caves,Vijayawada,Andhra Pradesh,,16.5059513,80.6451779,Sightseeing & Exploration,,0.0,,4.7,,,,,,,,,,,,,,India,,NOT_FOUND,2026-09-08
974,Shopping at Kalanikethan ,Vijayawada,Andhra Pradesh,,15.9128998,79.7399875,Shopping & Markets,,0.0,1.5,4.6,,,,,,,,,,,,,,India,,NOT_FOUND,2026-09-08
975,Lepakshi Handicrafts Emporium,Visakhapatnam,Andhra Pradesh,,13.8039436,77.6077197,Shopping & Markets,,0.0,1.5,4.7,,,,,,,,,,,,,,India,,NOT_FOUND,2026-09-08
976,Old Book market by Purna Market,Visakhapatnam,Andhra Pradesh,,17.7090249,83.297086,Shopping & Markets,,30.0,1.5,4.3,,,,,,,,,,,,,,India,,NOT_FOUND,2026-09-08
977,CMR Shopping Mall,Visakhapatnam,Andhra Pradesh,,15.9128998,79.7399875,Shopping & Markets,,0.0,1.5,4.7,,,,,,,,,,,,,,India,,NOT_FOUND,2026-09-08
978,Srisailam Wildlife sanctuary,Srisailam,Andhra Pradesh,,16.0737457,78.8726842,Natural Landscapes & Wildlife,,0.0,4.0,4.4,,,,,,,,,,,,,,India,,NOT_FOUND,2026-09-08
979,Chenchu Lakshmi Tribal Museum,Srisailam,Andhra Pradesh,,16.0694755,78.8714984,Cultural & Heritage Sites,,0.0,2.0,4.7,,,,,,,,,,,,,,India,,NOT_FOUND,2026-09-08
980,Mallela Theertham,Srisailam,Andhra Pradesh,,15.9128998,79.7399875,Natural Landscapes & Wildlife,,50.0,4.0,4.4,,,,,,,,,"waterfall in Nagarkurnool district, Telangana",,,outdoor,,India,waterfall,Q6744121,2026-09-08
981,Rollapadu wildlife sanctuary,Kurnool,Andhra Pradesh,,15.7389773,78.3650976,Natural Landscapes & Wildlife,,0.0,4.0,4.3,,,,,,,,,wildlife sanctuary in India,,,,,India,protected area|nature reserve,Q17087471,2026-09-08
982,Oravakallu rock garden,Kurnool,Andhra Pradesh,,15.6928965,78.1521842,"Natural Landscapes & Wildlife, Sightseeing & Exploration",,0.0,4.0,4.2,,,,,,,,,,,,,,India,,NOT_FOUND,2026-09-08
983,Mahanandi village,Kurnool,Andhra Pradesh,,15.4707317,78.6254084,Sightseeing & Exploration,,20.0,,4.6,,,,,,,,,,,,,,India,,NOT_FOUND,2026-09-08
984,Kurnool fort,Kurnool,Andhra Pradesh,,15.8323892,78.0544946,Cultural & Heritage Sites,,10.0,2.0,4.7,,,,,,,,,"place in Andhra Pradesh, India",,,outdoor,,India,fort,Q17986877,2026-09-08
985,Ahobilam temple,Kurnool,Andhra Pradesh,,15.1337667,78.6741657,Religious & Spiritual Pilgrimages,,0.0,,4.8,,,,,,,,,,,,,,India,,NOT_FOUND,2026-09-08
986,Cable Ride at Gangtok,Gangtok,Sikkim,,27.3313512,88.6138113,Adventure & Outdoor Activities,,40.0,,4.0,,,,,,,,,,,,,,India,,NOT_FOUND,2026-09-08
987,"Yak safari , Dzongri",Gangtok,Sikkim,,27.466667,88.15,Adventure & Outdoor Activities,,200.0,,4.0,,,,,,,,,,,,,,India,,NOT_FOUND,2026-09-08
988,Mountain biking treks,Gangtok,Sikkim,,27.3516407,88.3239309,Adventure & Outdoor Activities,,700.0,,4.2,,,,,,,,,,,,,,India,,NOT_FOUND,2026-09-08
989,River rafting,Gangtok,Sikkim,,27.3516407,88.3239309,Adventure & Outdoor Activities,,550.0,,4.8,,,,,,,,,amusement ride that simulates whitewater rafting,,,,,India,,Q512504,2026-09-08
990,Paragliding in Baliman Dara,Gangtok,Sikkim,,27.3481118,88.5957415,Adventure & Outdoor Activities,,1000.0,,4.5,,,,,,,,,,,,,,India,,NOT_FOUND,2026-09-08
991,Explore M.G.Marg city centre,Gangtok,Sikkim,,27.3253821,88.61189,Sightseeing & Exploration,,0.0,,4.8,,,,,,,,,,,,,,India,,NOT_FOUND,2026-09-08
992,Sunrise at Tashi view point,Gangtok,Sikkim,,27.3706406,88.616133,"Natural Landscapes & Wildlife, Sightseeing & Exploration",,0.0,4.0,4.4,,,,,,,,,,,,,,India,,NOT_FOUND,2026-09-08
993,Shopping at Lal Bazaar,Gangtok,Sikkim,,27.3516407,88.3239309,Shopping & Markets,,0.0,1.5,4.6,,,,,,,,,,,,,,India,,NOT_FOUND,2026-09-08
994,Tsuk La Khang Monastery,Gangtok,Sikkim,,27.3261111,88.6147222,Religious & Spiritual Pilgrimages,,0.0,,4.7,,,,,,,,,,,,,,India,,NOT_FOUND,2026-09-08
995,Hanuman Tok,Gangtok,Sikkim,,27.3478348,88.628696,Religious & Spiritual Pilgrimages,,0.0,,4.3,,,,,,,,,temple in India,,,indoor,,India,hindu temple,Q5651365,2026-09-08
996,Seven Sisters waterfall,Gangtok,Sikkim,,27.44375253,88.60777208,Natural Landscapes & Wildlife,,0.0,4.0,4.4,,,,,,,,,"seven-stream waterfall in Stranda, Norway",,,outdoor,,India,coastal waterfall|heptad,Q38339,2026-09-08
997,Tsongmo lake ,Gangtok,Sikkim,,27.3741667,88.7619444,Natural Landscapes & Wildlife,,0.0,4.0,4.2,,,,,,,,,"Tsomgo Lake, also known as Tsongmo Lake or Changgu Lake, is a glacial lake in Changu in the Gangtok district of the Indian state of Sikkim, some 40 kilometres (25 mi) from the capital Gangtok. Located at an elevation of 3,753 m (12,313 ft), the lake remains frozen during the winter season. The lake surface reflects different colours with change of seasons and is held in great reverence by the local Sikkimese people. Buddhist monks prognosticated after studying the changing colours of the lake.",,,,,India,,NOT_FOUND,2026-09-08
998,Shingba Rhododendron sanctuary,Gangtok,Sikkim,,27.8012861,88.7695197,Natural Landscapes & Wildlife,,0.0,4.0,3.8,,,,,,,,,nature park in the Indian state of Sikkim,,,,,India,protected area,Q7497442,2026-09-08
999,Khangchendzonga biosphere reserve,Gangtok,Sikkim,,27.6672446,88.3245556,Natural Landscapes & Wildlife,,0.0,4.0,3.2,,,,,,,,,,,,,,India,,NOT_FOUND,2026-09-08
1000,Skiing by Mt Katao,Gangtok,Sikkim,,27.6525132,88.8128996,Adventure & Outdoor Activities,,1000.0,,4.0,,,,,,,,,,,,,,India,,NOT_FOUND,2026-09-08
1001,Banjkhari falls,Gangtok,Sikkim,,27.3507643,88.6032316,Natural Landscapes & Wildlife,,0.0,4.0,4.0,,,,,,,,,,,,,,India,,NOT_FOUND,2026-09-08
1002,Himalayan Zoological park,Gangtok,Sikkim,,27.3567013,88.6300149,Natural Landscapes & Wildlife,,70.0,4.0,4.0,,,,,,,,,zoo in Sikkim,,,,,India,zoo,Q138081793,2026-09-08
1003,Kanchenjunga waterfalls and national park,Pelling,Sikkim,,27.3586875,88.1988125,Natural Landscapes & Wildlife,,0.0,4.0,4.8,,,,,,,,,,,,,,India,,NOT_FOUND,2026-09-08
1004,Rabdentse Ruins,Pelling,Sikkim,,27.301403,88.2566223,Cultural & Heritage Sites,,0.0,2.0,5.0,,,,,,,,,,,,,,India,,NOT_FOUND,2026-09-08
1005,Rinchenpong bazaar,Pelling,Sikkim,,27.243277,88.2708571,Shopping & Markets,,0.0,1.5,4.3,,,,,,,,,,,,,,India,,NOT_FOUND,2026-09-08
1006,Rural Artisan Marketing Centre,Pelling,Sikkim,,27.3007124,88.2358993,Shopping & Markets,,0.0,1.5,4.3,,,,,,,,,,,,,,India,,NOT_FOUND,2026-09-08
1007,Sewaro Rock garden,Pelling,Sikkim,,27.3158029,88.1898361,Natural Landscapes & Wildlife,,20.0,4.0,5.0,,,,,,,,,,,,,,India,,NOT_FOUND,2026-09-08
1008,Singshore suspension bridge,Pelling,Sikkim,,27.2604072,88.1129982,"Adventure & Outdoor Activities,Sightseeing & Exploration",,0.0,,4.7,,,,,,,,,,,,,,India,,NOT_FOUND,2026-09-08
1009,Pelling Skywalk,Pelling,Sikkim,,27.2969309,88.2195178,"Adventure & Outdoor Activities,Sightseeing & Exploration",,20.0,,4.4,,,,,,,,,,,,,,India,,NOT_FOUND,2026-09-08
1010,Kalimpong,Pelling,Sikkim,,27.0593562,88.4694535,Sightseeing & Exploration,,0.0,,4.5,,,,,,,,,"municipality in Kalimpong district, West Bengal",,,,,India,municipality of west bengal|city,Q500877,2026-09-08
1011, Tendong Hill & Biodiversity park,Namchi,Sikkim,,27.3516407,88.3239309,Natural Landscapes & Wildlife,,0.0,4.0,5.0,,,,,,,,,,,,,,India,,NOT_FOUND,2026-09-08
1012,Doling Gompa ,Namchi,Sikkim,,27.3516407,88.3239309,Religious & Spiritual Pilgrimages,,0.0,,4.5,,,,,,,,,,,,,,India,,NOT_FOUND,2026-09-08
1013,Ngadak monastery,Namchi,Sikkim,,27.1732407,88.3706278,Religious & Spiritual Pilgrimages,,0.0,,4.7,,,,,,,,,,,,,,India,,NOT_FOUND,2026-09-08
1014,Maenam Wildlife sanctuary,Namchi,Sikkim,,27.3239572,88.3799727,Natural Landscapes & Wildlife,,400.0,4.0,4.7,,,,,,,,,"Wildlife reserve in Sikkim, India",,,outdoor,,India,wildlife refuge|protected area,Q17051622,2026-09-08
1015,Samdruptse Hill,Namchi,Sikkim,,27.1799743,88.3796775,Religious & Spiritual Pilgrimages,,0.0,,3.9,,,,,,,,,,,,,,India,,NOT_FOUND,2026-09-08
1016,Ralang monastery,Ravangla,Sikkim,,27.327015,88.355095,Religious & Spiritual Pilgrimages,,0.0,,3.7,,,,,,,,,building in India,,,,,India,tibetan buddhist monastery,Q7286865,2026-09-08
1017,Doling Gompa ,Ravangla,Sikkim,,27.3516407,88.3239309,Religious & Spiritual Pilgrimages,,0.0,,34.0,,,,,,,,,,,,,,India,,NOT_FOUND,2026-09-08
1018,Kheunpheling Carpet centre,Ravangla,Sikkim,,27.3516407,88.3239309,Shopping & Markets,,500.0,1.5,4.3,,,,,,,,,,,,,,India,,NOT_FOUND,2026-09-08
1019,Rayong sunrise point,Ravangla,Sikkim,,27.3516407,88.3239309,Sightseeing & Exploration,,0.0,,4.1,,,,,,,,,,,,,,India,,NOT_FOUND,2026-09-08
1020,Borong Hot springs,Ravangla,Sikkim,,27.3657693,88.3278092,"Natural Landscapes & Wildlife, Sightseeing & Exploration",,20.0,4.0,4.0,,,,,,,,,,,,,,India,,NOT_FOUND,2026-09-08
1021,Temi tea garden,Ravangla,Sikkim,,27.2398,88.427643,Sightseeing & Exploration,,60.0,,4.0,,,,,,,,,tea plantation in Ravangla,,,,,India,tea plantation,Q3195916,2026-09-08
1022,Maenam hill,Ravangla,Sikkim,,27.3516407,88.3239309,"Natural Landscapes & Wildlife, Adventure & Outdoor Activities, Sightseeing & Exploration",,0.0,4.0,4.0,,,,,,,,,,,,,,India,,NOT_FOUND,2026-09-08
1023,Kalakshetra theatre and artifact museum,Guwahati,Assam,,26.2006043,92.9375739,"Arts, Science & Literature Attractions",,75.0,,4.8,,,,,,,,,,,,,,India,,NOT_FOUND,2026-09-08
1024,Assam state museum,Guwahati,Assam,,26.185175,91.7520769,Cultural & Heritage Sites,,20.0,2.0,4.7,,,,,,,,,"museum in Assam, India",,,indoor,"G.N.B. Road, Guwahati,",India,museum,Q4808390,2026-09-08
1025,Guwahati planetarium,Guwahati,Assam,,26.1914,91.7519611,"Arts, Science & Literature Attractions",,100.0,,4.8,,,,,,,,,"planetarium museum and library in Dighali Pukhuri, Guwahati",,,,,India,planetarium,Q5622000,2026-09-08
1026,Sunset cruise by river Brahmaputra,Guwahati,Assam,,26.2006043,92.9375739,Sightseeing & Exploration,,0.0,,3.8,,,,,,,,,,,,,,India,,NOT_FOUND,2026-09-08
1027,Bird watching by Deepor Beel lake,Guwahati,Assam,,26.1176941,91.6493532,"Natural Landscapes & Wildlife, Sightseeing & Exploration",,0.0,4.0,4.0,,,,,,,,,,,,,,India,,NOT_FOUND,2026-09-08
1028,Assam State Zoo,Guwahati,Assam,,26.1635189,91.7807253,Natural Landscapes & Wildlife,,0.0,4.0,4.0,,,,,,,,,"zoo in Guwahati, India",,,,,India,zoo,Q3276955,2026-09-08
1029,Fancy Bazaar,Guwahati,Assam,,26.1830738,91.7404977,Shopping & Markets,,0.0,1.5,4.7,,,,,,,,,human settlement in India,,,,,India,human settlement,Q5433673,2026-09-08
1030,Manas National Park,Guwahati,Assam,,26.8101743,91.2394832,"Natural Landscapes & Wildlife, Sightseeing & Exploration",,0.0,4.0,4.2,,,,,,,,,"national park in Assam, India",,,outdoor,,India,national park,Q506511,2026-09-08
1031,Majuli river island,Kaziranga,Assam,,27.0016172,94.2242981,"Natural Landscapes & Wildlife, Sightseeing & Exploration",,0.0,4.0,4.6,,,,,,,,,,,,,,India,,NOT_FOUND,2026-09-08
1032,Orchid national park,Kaziranga,Assam,,26.2006043,92.9375739,Natural Landscapes & Wildlife,,0.0,4.0,4.7,,,,,,,,,,,,,,India,,NOT_FOUND,2026-09-08
1033,Jaswant Garh war memorial,Tawang,Arunachal Pradesh,,28.2179994,94.7277528,Cultural & Heritage Sites,,0.0,2.0,3.8,,,,,,,,,,,,,,India,,NOT_FOUND,2026-09-08
1034,Madhuri lake,Tawang,Arunachal Pradesh,,28.2179994,94.7277528,"Natural Landscapes & Wildlife, Sightseeing & Exploration",,0.0,4.0,4.3,,,,,,,,,"The Sangetsar Tso, formerly called Shonga-tser Lake, and popularly known as the Madhuri Lake, is located on the way from Tawang to Bum La Pass in Tawang district of Arunachal Pradesh, near Indo-China border above 3,708 metres (12,165 ft) above sea level.",,,,,India,,NOT_FOUND,2026-09-08
1035,Shonga Tser Lake,Tawang,Arunachal Pradesh,,28.2179994,94.7277528,"Natural Landscapes & Wildlife, Sightseeing & Exploration",,0.0,4.0,4.5,,,,,,,,,,,,,,India,,NOT_FOUND,2026-09-08
1036,Nuranang waterfalls,Tawang,Arunachal Pradesh,,28.2179994,94.7277528,"Natural Landscapes & Wildlife, Adventure & Outdoor Activities, Sightseeing & Exploration",,0.0,4.0,4.8,,,,,,,,,,,,,,India,,NOT_FOUND,2026-09-08
1037,Tibetan Settlement market,Tawang,Arunachal Pradesh,,28.2179994,94.7277528,"Cultural & Heritage Sites, Shopping & Markets",,0.0,2.0,4.0,,,,,,,,,,,,,,India,,NOT_FOUND,2026-09-08
1038,Sela pass,Tawang,Arunachal Pradesh,,28.2179994,94.7277528,"Adventure & Outdoor Activities, Sightseeing & Exploration",,0.0,,4.0,,,,,,,,,high-altitude mountain pass,,,,,India,mountain pass,Q7447387,2026-09-08
1039,Gorichen Peak hike,Tawang,Arunachal Pradesh,,28.2179994,94.7277528,Adventure & Outdoor Activities,,0.0,,3.9,,,,,,,,,,,,,,India,,NOT_FOUND,2026-09-08
1040,Taktsang Gompa monastery,Tawang,Arunachal Pradesh,,28.2179994,94.7277528,Religious & Spiritual Pilgrimages,,0.0,,3.8,,,,,,,,,,,,,,India,,NOT_FOUND,2026-09-08
1041,Raima valley ,Agartala,Tripura,,23.5638643,91.6760691,Natural Landscapes & Wildlife,,0.0,4.0,4.9,,,,,,,,,constituency of the Tripura legislative assembly in India,,,,,India,constituency of the tripura legislative assembly,Q55739063,2026-09-08
1042,Buddha temple,Agartala,Tripura,,23.5638643,91.6760691,Religious & Spiritual Pilgrimages,,0.0,,4.8,,,,,,,,,"Landform in the Grand Canyon, Arizona",,,,,India,landform,Q49016391,2026-09-08
1043,Neermahal,Agartala,Tripura,,23.5064408,91.3150341,Cultural & Heritage Sites,,0.0,2.0,3.8,,,,,,,,,a royal palace built by king of Tripura in 1930,,,indoor,,India,palace,Q3360985,2026-09-08
1044,Gondacherra wildlife sanctuary,Agartala,Tripura,,23.5638643,91.6760691,Natural Landscapes & Wildlife,,500.0,4.0,4.9,,,,,,,,,,,,,,India,,NOT_FOUND,2026-09-08
1045,Ummaneshwar temple,Agartala,Tripura,,23.8376106,91.2817995,Religious & Spiritual Pilgrimages,,0.0,,4.7,,,,,,,,,,,,,,India,,NOT_FOUND,2026-09-08
1046,Chittagong hills,Agartala,Tripura,,23.5638643,91.6760691,Natural Landscapes & Wildlife,,0.0,4.0,4.3,,,,,,,,,mountain in Bangladesh,,,,,India,mountain,Q21747716,2026-09-08
1047,Sepahijala wildlife sanctuary,Agartala,Tripura,,23.6148176,91.3276422,Natural Landscapes & Wildlife,,300.0,4.0,4.9,,,,,,,,,"wildlife sanctuary in Tripura, India",,,,,India,protected area,Q7525566,2026-09-08
1048,Mt Japfu,Kohima,Nagaland,,25.5975011,94.0666664,Natural Landscapes & Wildlife,,0.0,4.0,4.9,,,,,,,,,,,,,,India,,NOT_FOUND,2026-09-08
1049,Naga keeda bazaar,Kohima,Nagaland,,26.1584354,94.5624426,Shopping & Markets,,0.0,1.5,3.9,,,,,,,,,,,,,,India,,NOT_FOUND,2026-09-08
1050,Touphema village ,Kohima,Nagaland,,25.8455682,94.1769749,Cultural & Heritage Sites,,0.0,2.0,4.0,,,,,,,,,,,,,,India,,NOT_FOUND,2026-09-08
1051,Camping by Kohima mountains,Kohima,Nagaland,,25.6751129,94.1085998,Adventure & Outdoor Activities,,0.0,,4.0,,,,,,,,,,,,,,India,,NOT_FOUND,2026-09-08
1052,Ntangki national park,Kohima,Nagaland,,25.5496528,93.5205641,Natural Landscapes & Wildlife,,0.0,4.0,4.8,,,,,,,,,national park in India,,,outdoor,,India,national park,Q3091771,2026-09-08
1053,Dawki lake,Cherrapunji,Meghalaya,,25.1840249,92.0248701,Sightseeing & Exploration,,750.0,,4.6,,,,,,,,,,,,,,India,,NOT_FOUND,2026-09-08
1054,Thangkharang park,Cherrapunji,Meghalaya,,25.2167071,91.7240776,Sightseeing & Exploration,,0.0,,4.9,,,,,,,,,,,,outdoor,,India,park,Q137295706,2026-09-08
1055,Mawkdok Dympep valley,Cherrapunji,Meghalaya,,25.411798,91.79084,Sightseeing & Exploration,,0.0,,4.7,,,,,,,,,,,,,,India,,NOT_FOUND,2026-09-08
1056,Mawsmai cave-Longest cave systems in India,Cherrapunji,Meghalaya,,25.2445707,91.7240877,Sightseeing & Exploration,,0.0,,4.0,,,,,,,,,,,,,,India,,NOT_FOUND,2026-09-08
1057,Mawlynnong village,Cherrapunji,Meghalaya,,25.2017637,91.9160305,"Cultural & Heritage Sites, Sightseeing & Exploration	",,0.0,2.0,4.8,,,,,,,,,,,,,,India,,NOT_FOUND,2026-09-08
1058,Mawsmai Eco park and falls,Cherrapunji,Meghalaya,,25.2457155,91.7375719,"Natural Landscapes & Wildlife, Sightseeing & Exploration",,0.0,4.0,4.3,,,,,,,,,,,,,,India,,NOT_FOUND,2026-09-08
1059,Mawmluh caves,Cherrapunji,Meghalaya,,25.2539985,91.7130622,Sightseeing & Exploration,,0.0,,4.0,,,,,,,,,,,,,,India,,NOT_FOUND,2026-09-08
1060,Nohkalikai watterfalls,Cherrapunji,Meghalaya,,25.2754719,91.68616774,Sightseeing & Exploration,,0.0,,4.6,,,,,,,,,,,,,,India,,NOT_FOUND,2026-09-08
1061,Tirathgarh waterfalls,Bastar,Chhattisgarh,,18.9139499,81.8651088,Natural Landscapes & Wildlife,,0.0,4.0,4.0,,,,,,,,,,,,,,India,,NOT_FOUND,2026-09-08
1062,Kanger Ghati national park,Bastar,Chhattisgarh,,18.77866,81.9971108,Natural Landscapes & Wildlife,,250.0,4.0,4.0,,,,,,,,,national Park near Jagdalpur,,,outdoor,,India,national park,Q1723746,2026-09-08
1063,Kotumsar caves,Bastar,Chhattisgarh,,18.9066382,81.9050496,Natural Landscapes & Wildlife,,0.0,4.0,3.0,,,,,,,,,,,,,,India,,NOT_FOUND,2026-09-08
1064,Anthropological museum ,Bastar,Chhattisgarh,,21.2786567,81.8661442,"Arts, Science & Literature Attractions",,0.0,,3.8,,,,,,,,,type of museum,,,,,India,,Q5473425,2026-09-08
1065,Ambuja City Center mall,Raipur,Chhattisgarh,,21.275629,81.687617,Shopping & Markets,,0.0,1.5,4.5,,,,,,,,,,,,,,India,,NOT_FOUND,2026-09-08
1066,Magneto mall,Raipur,Chhattisgarh,,21.2409292,81.6841555,Shopping & Markets,,0.0,1.5,4.5,,,,,,,,,,,,,,India,,NOT_FOUND,2026-09-08
1067,Ghatarani waterfalls,Raipur,Chhattisgarh,,20.8280625,82.0598125,Natural Landscapes & Wildlife,,0.0,4.0,4.9,,,,,,,,,,,,,,India,,NOT_FOUND,2026-09-08
1068,Jatmai Temple,Raipur,Chhattisgarh,,20.7958875,82.0298481,Religious & Spiritual Pilgrimages,,0.0,,4.7,,,,,,,,,,,,,,India,,NOT_FOUND,2026-09-08
1069,Naulakha temple,Deoghar,Jharkhand,,24.4775623,86.7083557,Religious & Spiritual Pilgrimages,,0.0,,4.8,,,,,,,,,Charitravana,,,indoor,,India,temple,Q135454787,2026-09-08
1070,Trikut hill,Deoghar,Jharkhand,,24.4983333,86.8369444,Religious & Spiritual Pilgrimages,,0.0,,4.6,,,,,,,,,"hill and pilgrimage site in Jharkhand, India",,,outdoor,,India,hill,Q7841969,2026-09-08
1071,Biodiversity park,Ranchi,Jharkhand,,23.2547338,85.3468934,Natural Landscapes & Wildlife,,70.0,4.0,4.9,,,,,,,,,"park in Andhra Pradesh, India",,,outdoor,,India,botanical garden,Q96050421,2026-09-08
1072,Rock garden,Ranchi,Jharkhand,,23.4038472,85.3129755,Natural Landscapes & Wildlife,,50.0,4.0,4.8,,,,,,,,,garden with rocky soil,,,,,India,,Q1141231,2026-09-08
1073,Patratu valley,Ranchi,Jharkhand,,23.5755504,85.2741613,Natural Landscapes & Wildlife,,0.0,4.0,4.4,,,,,,,,,,,,,,India,,NOT_FOUND,2026-09-08
1074,State museum Hotwar,Ranchi,Jharkhand,,23.3835366,85.3854678,Cultural & Heritage Sites,,0.0,2.0,4.9,,,,,,,,,Indian cultural museum in Jharkhand,,,indoor,"Khelgaon, Hotwar, Ranchi",India,museum,Q23808358,2026-09-08
1075,Dassam falls ,Ranchi,Jharkhand,,23.1462515,85.4672203,Natural Landscapes & Wildlife,,0.0,4.0,4.9,,,,,,,,,"waterfall in Jharkhand, India",,,outdoor,,India,waterfall,Q37918,2026-09-08
1076,Jonha falls,Ranchi,Jharkhand,,23.3423069,85.6102055,Natural Landscapes & Wildlife,,0.0,4.0,4.8,,,,,,,,,"waterfall located in Ranchi district, India",,,outdoor,,India,waterfall,Q38094,2026-09-08
1077,Ranchi science centre,Ranchi,Jharkhand,,23.4069545,85.3402327,"Arts, Science & Literature Attractions",,100.0,,3.9,,,,,,,,,"a science centre in the state of Jharkhand, India",,,,,India,,Q7290805,2026-09-08
1078,Thai monastery,Bodh Gaya,Bihar,,25.9644427,85.2722472,Religious & Spiritual Pilgrimages,,0.0,,3.9,,,,,,,,,,,,,,India,,NOT_FOUND,2026-09-08
1079,Great Buddha statue,Bodh Gaya,Bihar,,24.6903883,84.9819433,Sightseeing & Exploration,,0.0,,3.9,,,,,,,,,,,,,,India,colossal statue,Q10933560,2026-09-08
1080,Bodhi tree,Bodh Gaya,Bihar,,25.9644427,85.2722472,Religious & Spiritual Pilgrimages,,0.0,,4.0,,,,,,,,,sacred fig tree under which Buddha is said to have achieved enlightenment,,,,,India,remarkable tree,Q321437,2026-09-08
1081,Indosan Nippon Japanese temple,Bodh Gaya,Bihar,,25.9644427,85.2722472,Religious & Spiritual Pilgrimages,,0.0,,4.0,,,,,,,,,,,,,,India,,NOT_FOUND,2026-09-08
1082,Dungeshwari cave temple,Bodh Gaya,Bihar,,24.7367013,85.0474977,Religious & Spiritual Pilgrimages,,0.0,,4.8,,,,,,,,,,,,,,India,,NOT_FOUND,2026-09-08
1083,Bodh gaya archaelogical museum,Bodh Gaya,Bihar,,24.6949135,84.9874413,Cultural & Heritage Sites,,40.0,2.0,4.5,,,,,,,,,,,,,,India,,NOT_FOUND,2026-09-08
1084,Muchalinda lake,Bodh Gaya,Bihar,,24.6806441,84.9926622,Natural Landscapes & Wildlife,,0.0,4.0,4.7,,,,,,,,,,,,,,India,,NOT_FOUND,2026-09-08
1085,Patna museum,Patna,Bihar,,25.612727,85.1332734,Cultural & Heritage Sites,,10.0,2.0,4.5,,,,,,,,,museum,,,indoor,,India,museum,Q1428044,2026-09-08
1086,Buddha memorial park,Patna,Bihar,,25.9644427,85.2722472,Religious & Spiritual Pilgrimages,,0.0,,4.9,,,,,,,,,,,,,,India,,NOT_FOUND,2026-09-08
1087,Srikrishna science centre,Patna,Bihar,,25.6164189,85.1411084,"Arts, Science & Literature Attractions",,0.0,,4.8,,,,,,,,,,,,,,India,,NOT_FOUND,2026-09-08
1088,Shopping at HUDA marjet Sector 14,Gurugram,Haryana,,28.4710811,77.0454144,Shopping & Markets,,0.0,1.5,4.2,,,,,,,,,,,,,,India,,NOT_FOUND,2026-09-08
1089,Shopping at Sadar bazaar Sector 12A,Gurugram,Haryana,,28.4652778,77.0269326,Shopping & Markets,,0.0,1.5,4.6,,,,,,,,,,,,,,India,,NOT_FOUND,2026-09-08
1090,Wet N Wild water park,Gurugram,Haryana,,29.0587757,76.085601,Adventure & Outdoor Activities,,600.0,,4.2,,,,,,,,,,,,,,India,,NOT_FOUND,2026-09-08
1091,Go-karting at Link road,Gurugram,Haryana,,29.0587757,76.085601,Adventure & Outdoor Activities,,0.0,,4.9,,,,,,,,,,,,,,India,,NOT_FOUND,2026-09-08
1092,Ice skating at Ambience mall,Gurugram,Haryana,,28.505504,77.095956,Adventure & Outdoor Activities,,1000.0,,4.4,,,,,,,,,,,,,,India,,NOT_FOUND,2026-09-08
1093,Camp tikkling,Gurugram,Haryana,,29.0587757,76.085601,Adventure & Outdoor Activities,,5000.0,,4.8,,,,,,,,,,,,,,India,,NOT_FOUND,2026-09-08
1094,Aravalli biodiversity park,Gurugram,Haryana,,29.0587757,76.085601,Natural Landscapes & Wildlife,,0.0,4.0,4.7,,,,,,,,,,,,,,India,,NOT_FOUND,2026-09-08
1095,Sultanpur Bird sanctuary,Gurugram,Haryana,,28.4681234,76.8917707,Natural Landscapes & Wildlife,,400.0,4.0,4.7,,,,,,,,,,,,,,India,,NOT_FOUND,2026-09-08
1096,Museum of folk and tribal art,Gurugram,Haryana,,28.4709339,77.0099669,"Arts, Science & Literature Attractions",,20.0,,4.7,,,,,,,,,,,,,,India,,NOT_FOUND,2026-09-08
1097,Indian Transport history,Gurugram,Haryana,,29.0587757,76.085601,"Arts, Science & Literature Attractions",,50.0,,4.0,,,,,,,,,,,,,,India,,NOT_FOUND,2026-09-08
1098,Vintage camera museum,Gurugram,Haryana,,29.0587757,76.085601,"Arts, Science & Literature Attractions",,0.0,,4.0,,,,,,,,,Singaporean camera museum,,,indoor,,India,museum,Q107423819,2026-09-08
1099,DLF CyberHub for shopping,Gurugram,Haryana,,28.4950422,77.0890948,Shopping & Markets,,0.0,1.5,4.0,,,,,,,,,,,,,,India,,NOT_FOUND,2026-09-08
1100,Adi Shankaracharya Samadhi,Kedarnath,Uttarakhand,,30.7361239,79.0663642,Religious & Spiritual Pilgrimages,,0.0,,4.8,,,,,,,,,,,,,,India,,NOT_FOUND,2026-09-08
1101,Bhairavnath temple,Kedarnath,Uttarakhand,,30.066753,79.0192997,Religious & Spiritual Pilgrimages,,0.0,,4.6,,,,,,,,,,,,,,India,,,
1102,Trekking to Vasuki Tal,Kedarnath,Uttarakhand,,30.9070387,79.1716516,"Adventure & Outdoor Activities, Sightseeing & Exploration",,0.0,,4.7,,,,,,,,,,,,,,India,,,
1103,Sonprayag,Kedarnath,Uttarakhand,,30.6325757,78.9952754,"Adventure & Outdoor Activities, Sightseeing & Exploration",,0.0,,4.8,,,,,,,,,,,,,,India,,,
1104,Chorabari lake,Kedarnath,Uttarakhand,,30.066753,79.0192997,"	Natural Landscapes & Wildlife, Sightseeing & Exploration",,0.0,,4.9,,,,,,,,,,,,,,India,,,
1105,Auroville,Puducherry,Puducherry,,12.0052483,79.8068922,Cultural & Heritage Sites,,0.0,,4.1,,,,,,,,,,,,,,India,,,
1106,Casablanca mall,Puducherry,Puducherry,,11.9415915,79.8083133,Shopping & Markets,,0.0,,4.2,,,,,,,,,,,,,,India,,,
1107,Saram China market ,Puducherry,Puducherry,,11.9408006,79.8121041,Shopping & Markets,,0.0,,4.2,,,,,,,,,,,,,,India,,,
1108,Pondicherry botanical garden,Puducherry,Puducherry,,11.9302138,79.8224206,Natural Landscapes & Wildlife,,0.0,,4.2,,,,,,,,,,,,,,India,,,
1109,Pondicherry museum,Puducherry,Puducherry,,11.9344884,79.83485,"Arts, Science & Literature Attractions",,10.0,,4.4,,,,,,,,,,,,,,India,,,
1110,Manakula Vinayagar temple,Puducherry,Puducherry,,11.9357756,79.8336621,Religious & Spiritual Pilgrimages,,0.0,,4.6,,,,,,,,,,,,,,India,,,
1111,Chunnambar boat house,Puducherry,Puducherry,,11.8838125,79.8006875,"Adventure & Outdoor Activities, Sightseeing & Exploration",,0.0,,4.5,,,,,,,,,,,,,,India,,,
1112,Heritage walk by White town,Puducherry,Puducherry,,11.9415915,79.8083133,Cultural & Heritage Sites,,0.0,,4.8,,,,,,,,,,,,,,India,,,
1113,Sightseeing at Green Quarter,Puducherry,Puducherry,,11.9415915,79.8083133,Sightseeing & Exploration,,0.0,,4.7,,,,,,,,,,,,,,India,,,
1114,Temple Adventures centre-Scuba diving,Puducherry,Puducherry,,11.9415915,79.8083133,Adventure & Outdoor Activities,,0.0,,3.9,,,,,,,,,,,,,,India,,,
1115,Paradise beach and island,Puducherry,Puducherry,,11.9415915,79.8083133,"Natural Landscapes & Wildlife, Sightseeing & Exploration",,0.0,,4.4,,,,,,,,,,,,,,India,,,
1116,Kala Pani Cellular Jail,Port Blair,Andaman and Nicobar Islands,,11.6747447,92.7478601,Cultural & Heritage Sites,,50.0,,4.5,,,,,,,,,,,,,,India,,,
1117,Ross island,Port Blair,Andaman and Nicobar Islands,,11.6758295,92.7624249,"Natural Landscapes & Wildlife, Sightseeing & Exploration",,0.0,,4.0,,,,,,,,,,,,,,India,,,
1118,Underwater Sea walk,Port Blair,Andaman and Nicobar Islands,,10.7448873,92.4999918,Adventure & Outdoor Activities,,1000.0,,4.0,,,,,,,,,,,,,,India,,,
1119,Jolly Buoy island,Port Blair,Andaman and Nicobar Islands,,11.5077351,92.612149,"Natural Landscapes & Wildlife, Sightseeing & Exploration",,0.0,,4.0,,,,,,,,,,,,,,India,,,
1120,Mahatma Gandhi National Park,Port Blair,Andaman and Nicobar Islands,,11.58709,92.6155601,Natural Landscapes & Wildlife,,0.0,,4.7,,,,,,,,,,,,,,India,,,
1121,Mount Harriet National park,Port Blair,Andaman and Nicobar Islands,,11.7201967,92.7334546,Natural Landscapes & Wildlife,,400.0,,4.8,,,,,,,,,,,,,,India,,,
1122,Barren island volcano,Port Blair,Andaman and Nicobar Islands,,12.2792303,93.8604402,"Natural Landscapes & Wildlife, Sightseeing & Exploration",,0.0,,4.6,,,,,,,,,,,,,,India,,,
1123,Long island,Havelock Island,Andaman and Nicobar Islands,,40.789142,-73.134961,Sightseeing & Exploration,,0.0,,4.3,,,,,,,,,,,,,,India,,,
1124,Elephant beach,Havelock Island,Andaman and Nicobar Islands,,12.0081083,92.9416061,Natural Landscapes & Wildlife,,0.0,,4.4,,,,,,,,,,,,,,India,,,
1125,Snorkelling at Kalapathar beach,Havelock Island,Andaman and Nicobar Islands,,12.0006111,93.0070952,Adventure & Outdoor Activities,,1000.0,,4.4,,,,,,,,,,,,,,India,,,
1126,Mangrove creeks,Baratang Island,Andaman and Nicobar Islands,,10.7448873,92.4999918,Natural Landscapes & Wildlife,,0.0,,4.4,,,,,,,,,,,,,,India,,,
1127,Parrot island,Baratang Island,Andaman and Nicobar Islands,,10.7448873,92.4999918,Natural Landscapes & Wildlife,,0.0,,4.5,,,,,,,,,,,,,,India,,,
1128,Baludera beach,Baratang Island,Andaman and Nicobar Islands,,12.1336095,92.8042375,Natural Landscapes & Wildlife,,0.0,,4.5,,,,,,,,,,,,,,India,,,
1129,Coral gazing at Mohwa Dera,Baratang Island,Andaman and Nicobar Islands,,10.7448873,92.4999918,Natural Landscapes & Wildlife,,0.0,,4.8,,,,,,,,,,,,,,India,,,
1130,Nani Daman market,Daman,Daman and Diu,,20.4148699,72.8353005,Shopping & Markets,,0.0,,4.2,,,,,,,,,,,,,,India,,,
1131,DMC market,Diu,Daman and Diu,,20.718628,70.987048,Shopping & Markets,,0.0,,5.0,,,,,,,,,,,,,,India,,,
1132,Basilica of Bom Jesus Church,Diu,Daman and Diu,,20.55466502,71.88570098,Cultural & Heritage Sites,,0.0,,4.7,,,,,,,,,,,,,,India,,,
1133,Jampore beach,Diu,Daman and Diu,,20.375971,72.825722,"Natural Landscapes & Wildlife, Beach",,0.0,,4.6,,,,,,,,,,,,,,India,,,
1134,Diu museum,Diu,Daman and Diu,,20.7155688,70.9891437,Cultural & Heritage Sites,,30.0,,4.0,,,,,,,,,,,,,,India,,,
1135,St.Jerome Fort,Daman,Daman and Diu,,20.55466502,71.88570098,Cultural & Heritage Sites,,70.0,,4.0,,,,,,,,,,,,,,India,,,
1136,Munnar Tea Garden View Point,,,,10.04210568,77.03994022,,,,,,,,,,,,,"scenic, tea, photography",,,,,,India,,,
1137,Pomathendu Munnar Tea Garden View,,,,10.05964864,77.06395959,,,,,,,,,,,,,"scenic, tea, photography",,,,,,India,,,
1138,Munnar Pothamendu,,,,10.03655632,77.07679666,,,,,,,,,,,,,"tea, greenery, serene",,,,,,India,,,
1139,Munnar Tea Hill Hiking Spot,,,,10.02838226,77.04557394,,,,,,,,,,,,,"trekking, nature, adventure",,,,,,India,,,
1140,Wonder Valley Adventure Amusement Park Munnar,,,,10.02715884,77.0355704,,,,,,,,,,,,,"adventure, amusement, family",,,,,,India,,,
1141,Dream Land Adventure Amusement Park,,,,10.01670304,77.04700451,,,,,,,,,,,,,"adventure, amusement, family",,,,,,India,,,
1142,Munnar Lakshmi Tea Estate,,,,10.06375952,76.99922583,,,,,,,,,,,,,"scenic, tea, photography",,,,,,India,,,
1143,Photo Shoot Point Munnar,,,,10.05998273,77.01679705,,,,,,,,,,,,,"photography, nature",,,,,,India,,,
1144,Munnar Tea Museum,,,,10.09424312,77.05040434,,,,,,,,,,,,,"tea, artifacts, exhibits",,,,,,India,,,
1145,Kolukammai Tea Estate-Jeep Tour and Birdwatching,,,,10.08889248,77.05945595,,,,,,,,,,,,,"tea, explore, birdwatching",,,,,,India,,,
1146,Munnar Botanical Estate,,,,10.08306517,77.07088651,,,,,,,,,,,,,"garden, flora, education",,,,,,India,,,
1147,Blossom Hudel Park-Garden,,,,10.06907829,77.0665441,,,,,,,,,,,,,"relaxation, greenery, garden",,,,,,India,,,
1148,Ramaswamy Dam Lake View Point,,,,10.06812788,77.06735203,,,,,,,,,,,,,"dam, photography, boating",,,,,,India,,,
1149,Carmelgiri Elepphant Park,,,,10.09514322,77.09931319,,,,,,,,,,,,,"elephant, wildlife,  photography",,,,,,India,,,
1150,Eco Point Munnar-Lake,,,,10.12229322,77.15435932,,,,,,,,,,,,,"tourism, nature, serene",,,,,,India,,,
1151,Matupettu Dam Lake,,,,10.10856877,77.12380898,,,,,,,,,,,,,"dam, boating, scenic",,,,,,India,,,
1152,Munnar Rose Garden,,,,10.08638901,77.07583206,,,,,,,,,,,,,"rose, floral, aroma, garden",,,,,,India,,,
1153,Attukkad Waterfall Munnar,,,,10.05337705,77.05872179,,,,,,,,,,,,,"waterfall, nature, photography",,,,,,India,,,
1154,Munnar Forest Adventure,,,,10.08458313,77.06041801,,,,,,,,,,,,,"adventure, nature, wildlife",,,,,,India,,,
1155,Birla Waterfall,,,,10.30518545,76.94875998,,,,,,,,,,,,,"waterfall, serene, photography",,,,,,India,,,
1156,Sholayar Lake Dam View PT,,,,10.307557,76.88649688,,,,,,,,,,,,,"dam, photography, nature",,,,,,India,,,
1157,Chinna Kalar Waterfall,,,,10.3023814,77.02870892,,,,,,,,,,,,,"waterfall, serene, photography",,,,,,India,,,
1158,Iraichal Parai Waterfall,,,,10.33713775,77.00832747,,,,,,,,,,,,,"waterfall, nature, photography",,,,,,India,,,
1159,Valparai Market,,,,10.32564473,76.95292258,,,,,,,,,,,,,"market, shopping",,,,,,India,,,
1160,Thirumoorthy Waterfall and Temple,,,,10.45129067,77.1595609,,,,,,,,,,,,,"waterfall, temple, photography",,,,,,India,,,
1161,Munnar Town Centre Bazaar,,,,10.08676436,77.06108206,,,,,,,,,,,,,"market, shopping",,,,,,India,,,
1162,Tea Estate Poothakuzzy,,,,10.09293264,77.05653258,,,,,,,,,,,,,"tea, scenic, plantation",,,,,,India,,,
1163,Kadalukaani Paani Sunset,,,,8.747832074,76.90551712,,,,,,,,,,,,,"sunset, nature, serene, photography",,,,,,India,,,
1164,Meenmutti Waterfall,,,,8.781825023,76.91789501,,,,,,,,,,,,,"waterfall, trekking, nature",,,,,,India,,,
1165,RajaRaviVermaArtGallery,,,,8.768349999,76.86704609,,,,,,,,,,,,,"art, exhibit, cultural",,,,,,India,,,
1166,CHithirapuram Tea Estate Path,,,,10.03260661,77.0433119,,,,,,,,,,,,,"tea, plantation",,,,,,India,,,
1167,Tata Tea Consumer Centre,,,,10.08881626,77.05564481,,,,,,,,,,,,,tea,,,,,,India,,,
1168,Thirumeny Cultural Centre Munnar Plays and Dances,,,,10.0881485,77.06156535,,,,,,,,,,,,,"cultural, traditional, entertainment",,,,,,India,,,
1169,Nayakammad Waterfall,,,,10.13584532,77.06064668,,,,,,,,,,,,,"waterfall, nature, photography",,,,,,India,,,
1170,Evaikulam Waterfall,,,,10.14487387,77.04328057,,,,,,,,,,,,,"waterfall, serene, photography",,,,,,India,,,
1171,carvar Marsh Statue -Karvarkal estate,,,,10.37707174,76.99522035,,,,,,,,,,,,,"statue, historical, cultural",,,,,,India,,,
1172,Subix Merry Land,,,,10.7722434,76.63999634,,,,,,,,,,,,,"amusement, family, adventure",,,,,,India,,,
1173,Palakkad Fort,,,,10.76769019,76.65681915,,,,,,,,,,,,,"historical, fort, cultural",,,,,,India,,,
1174,Kava view point,,,,10.83030209,76.72011221,,,,,,,,,,,,,"scenic, photography",,,,,,India,,,
1175,Malampuzha,,,,10.80411404,76.64374517,,,,,,,,,,,,,"tourism, garden, dam",,,,,,India,,,
1176,Chulanur Peafowl Sanctuary,,,,10.71800319,76.4723798,,,,,,,,,,,,,"wildlife, birdwatching, conservation",,,,,,India,,,
1177,Chendhamangalam Wetlands,,,,10.80866665,76.6423996,,,,,,,,,,,,,"reserve, biodiversity, nature",,,,,,India,,,
1178,Sree Chinmaya Guruvayurappan Temple,,,,10.78792617,76.65338592,,,,,,,,,,,,,"temple, spiritual, religious",,,,,,India,,,
1179,VARADARAJA PERUMAL TEMPLE,,,,11.03327,76.92348,,,,,,,,,,,,,"temple, spiritual, religious",,,,,,India,,,
1180,SINGANALLUR LAKE,,,,10.98905,77.02274,,,,,,,,,,,,,"lake, boating, birdwatching",,,,,,India,,,
1181,CENTRAL LIBRARY,,,,11.02799,77.02205,,,,,,,,,,,,,"knowledge, books",,,,,,India,,,
1182,IIT Palakkad,,,,10.80416,76.72548,,,,,,,,,,,,,education,,,,,,India,,,
1183,Bharathiar University,,,,11.04004,76.87897,,,,,,,,,,,,,education,,,,,,India,,,
1184,Government College,,,,11.0173,76.93987,,,,,,,,,,,,,education,,,,,,India,,,
1185,Perur Temple,,,,10.97601,76.91531,,,,,,,,,,,,,"temple, spiritual, religious",,,,,,India,,,
1186,Vadakanthara Sree Thirupuraikkal Bhagavathi Temple,,,,10.78148,76.64358,,,,,,,,,,,,,"temple, spiritual, religious",,,,,,India,,,
1187,Lalbag Garden ,,,,12.95102993,77.58835456,,,,,,,,,,,,,"garden, scenic, nature",,,,,,India,,,
1188,Vidhan Soudha BLR,,,,12.97959511,77.59059896,,,,,,,,,,,,,"government, architectural",,,,,,India,,,
1189,ISCKON Temple,,,,13.00956,77.55012,,,,,,,,,,,,,"temple, spiritual, religious",,,,,,India,,,
1190,Tipu Sultan Summer Palace,,,,12.95927723,77.57392024,,,,,,,,,,,,,"historical, museum, architectural",,,,,,India,,,
1191,HAL Heritage Centre,,,,12.95546688,77.68077038,,,,,,,,,,,,,"museum, aviation, exhibits",,,,,,India,,,
1192,Cubbon Park ,,,,12.97743771,77.59505834,,,,,,,,,,,,,"park, greenery, nature",,,,,,India,,,
1193,Visvesvaraya Industrial Museum,,,,12.97477729,77.59648175,,,,,,,,,,,,,"industrial, heritage, exhibits, museum",,,,,,India,,,
1194,Church Street,,,,12.97484867,77.60517241,,,,,,,,,,,,,"shopping, restaurants, nightlife",,,,,,India,,,
1195,St. Mary's Basilica,,,,12.98438678,77.60427308,,,,,,,,,,,,,"church, religious, architectural",,,,,,India,,,
1196,CSI St.Mark's Cathedral Bangalore,,,,12.97609627,77.6002302,,,,,,,,,,,,,"church, religious, architectural",,,,,,India,,,
1197,Kanaka Sarovar Lake,,,,13.04622679,77.66636444,,,,,,,,,,,,,"Scenic lake, birdwatching, tranquility",,,,,,India,,,
1198,Freedom Park,,,,12.97779176,77.58223244,,,,,,,,,,,,,"historical, cultural, park",,,,,,India,,,
1199,Jawaharlal Nehru Planeturium and Indira Gandhi Park,,,,12.98538241,77.59074518,,,,,,,,,,,,,"educational, astronomy, recreational",,,,,,India,,,
1200,Lumbini Garden and Nagawar Lake,,,,13.04448809,77.60872332,,,,,,,,,,,,,"recreational, garden, park, boating",,,,,,India,,,
1201,Bungee Rock Park,,,,12.94240806,77.56937962,,,,,,,,,,,,,"adventure, park",,,,,,India,,,
1202,MN Krishna Rao Park,,,,12.94253455,77.57532807,,,,,,,,,,,,,"park, greenery, nature",,,,,,India,,,
1203,Bengaluru Palace,,,,13.01104842,77.58558943,,,,,,,,,,,,,"historical, royal, architectural",,,,,,India,,,
1204,Jayamahal Garden,,,,13.00040479,77.59819335,,,,,,,,,,,,,"historical, garden, recreational",,,,,,India,,,
1205,Nimhans Convention Centre,,,,12.94316129,77.59637094,,,,,,,,,,,,,"Event venue, conferences, exhibitions",,,,,,India,,,
1206,Bengaluru Fort,,,,12.96284361,77.57556433,,,,,,,,,,,,,"historical, fort, cultural",,,,,,India,,,
1207,Chennakeshava Swamy Temple,,,,12.27558336,76.88190241,,,,,,,,,,,,,"temple, spiritual, religious",,,,,,India,,,
1208,Mysore Chamundeshwari Temple,,,,12.2726951,76.67067289,,,,,,,,,,,,,"temple, spiritual, religious",,,,,,India,,,
1209,Mysore Phillomena Cathedral,,,,12.32103033,76.65821616,,,,,,,,,,,,,"catholic, religious, architectural",,,,,,India,,,
1210,Mysore Shukavan Bird Park,,,,12.28438435,76.65695732,,,,,,,,,,,,,"sanctuary, aviary, conservation",,,,,,India,,,
1211,Mysore Mahishasura Statue,,,,12.2748482,76.6709887,,,,,,,,,,,,,"historical, cultural",,,,,,India,,,
1212,Mysore Sunset Point,,,,12.271847,76.6694966,,,,,,,,,,,,,"scenic, sunset, photography",,,,,,India,,,
1213,Mysore Nandi Statue,,,,12.279167,76.6678431,,,,,,,,,,,,,"religious, architecture",,,,,,India,,,
1214,Mysore Zoo,,,,12.30012507,76.66861575,,,,,,,,,,,,,"zoo, wildlife, conservation",,,,,,India,,,
1215,Mysore Chikka Gadiyara Market,,,,12.30975529,76.65215581,,,,,,,,,,,,,"market, shopping",,,,,,India,,,
1216,Mysore Palace,,,,12.3048059,76.65596675,,,,,,,,,,,,,"historical, royal, architectural",,,,,,India,,,
1217,Mysore Mahadevpura Shooting Spot - Coconut Park,,,,12.38927757,76.79272516,,,,,,,,,,,,,"film, coconut, recreational",,,,,,India,,,
1218,Mysore Tipu Sultan Resting Place ,,,,12.4112886,76.7134468,,,,,,,,,,,,,"historical, photography",,,,,,India,,,
1219,Mysore Commoretive STructure,,,,12.4248984,76.6746835,,,,,,,,,,,,,"historical landmark, architecture",,,,,,India,,,
1220,Mysore Lotus POND,,,,12.4238492,76.6554831,,,,,,,,,,,,,"garden, pond, scenic",,,,,,India,,,
1221,Talakkadu Temple,,,,12.18024274,77.02755811,,,,,,,,,,,,,"temple, spiritual, religious",,,,,,India,,,
1222,Mysore Daria Daulat Bagh,,,,12.4197045,76.6964458,,,,,,,,,,,,,"historical, palace, museum",,,,,,India,,,
1223,Mysore Shreerangapattana,,,,12.42265201,76.68424668,,,,,,,,,,,,,"historical, town, cultural",,,,,,India,,,
1224,Shreerangapattana Mosque Masjid-i-Ala (Jama Masjid),,,,12.42244147,76.68904646,,,,,,,,,,,,,"historical, mosque, religious",,,,,,India,,,
1225,Mysore Tipu Sultan Fort and Palace,,,,12.4258122,76.6880901,,,,,,,,,,,,,"historical, fort, museum, architectural",,,,,,India,,,
1226,Mysore Ranganathswamy Temple,,,,12.4249986,76.6794137,,,,,,,,,,,,,"temple, spiritual, religious",,,,,,India,,,
1227,Mysore Colonel Bailey's Dungeon,,,,12.4266076,76.6790525,,,,,,,,,,,,,"historical, dungeon, architectural",,,,,,India,,,
1228,Tipu Sultan Museum,,,,12.4180142,76.6962281,,,,,,,,,,,,,"historical, museum, exhibits",,,,,,India,,,
1229,Mysore ZamZam Bazar,,,,12.3190183,76.6544262,,,,,,,,,,,,,"market, shopping",,,,,,India,,,
1230,GaganchutkiWaterfalls,,,,12.29595119,77.16631763,,,,,,,,,,,,,"waterfall, natural, trekking",,,,,,India,,,
1231,Bharachukki Waterfalls,,,,12.28916423,77.18179778,,,,,,,,,,,,,"waterfall, natural, scenic",,,,,,India,,,
1232,CauverySplitKatte,,,,12.26063945,77.1685688,,,,,,,,,,,,,"river, picnic, natural",,,,,,India,,,
1233,Mysore Boating,,,,12.42453913,76.65290068,,,,,,,,,,,,,"boating, recreational, lake",,,,,,India,,,
1234,Mysore Brindavan Gardens,,,,12.42226985,76.57264833,,,,,,,,,,,,,"garden, photography, fountain",,,,,,India,,,
1235,Mysore Railway Museum,,,,12.31653835,76.6438175,,,,,,,,,,,,,"railway, historical, exhibits",,,,,,India,,,
1236,Mysore JaganMohan Palace,,,,12.30678809,76.64987393,,,,,,,,,,,,,"historical, palace, museum",,,,,,India,,,
1237,Banerghatta Natioanal Park ,,,,12.75829225,77.58791716,,,,,,,,,,,,,"Wildlife, safari, conservation",,,,,,India,,,
1238,BLR-MYS Highway Hillpoint View,,,,12.74471067,77.27601836,,,,,,,,,,,,,"scenic, photography",,,,,,India,,,
1239,BLR_LalBagh Rock,,,,12.94834403,77.58969348,,,,,,,,,,,,,"rock, natural, scenic",,,,,,India,,,
1240,MuthyalaWaterfall,,,,12.6853956,77.6633273,,,,,,,,,,,,,"waterfall, natural, trekking",,,,,,India,,,
1241,Wonderla Bangalore,,,,12.83415631,77.40102673,,,,,,,,,,,,,"amusement, adventure, family",,,,,,India,,,
1242,MG Road BLr ,,,,12.97491354,77.60906406,,,,,,,,,,,,,shopping,,,,,,India,,,
1243,Sri Big Bull Temple,,,,12.94189651,77.56796864,,,,,,,,,,,,,"temple, spiritual, religious",,,,,,India,,,
1244,National Gallery of Modern Art,,,,12.98932881,77.58808068,,,,,,,,,,,,,"art, museum, cultural",,,,,,India,,,
1245,IISc Bangalore,,,,13.01550947,77.56736011,,,,,,,,,,,,,educational,,,,,,India,,,
1246,JayaPrakashNarayanaPark,,,,13.03335204,77.55046752,,,,,,,,,,,,,"park, greenery, nature",,,,,,India,,,
1247,Avalahalli Forest,,,,13.13045364,77.54836979,,,,,,,,,,,,,"natural, wildlife, sanctuary",,,,,,India,,,
1248,GandhiBhavanMuseum,,,,12.98802351,77.58030971,,,,,,,,,,,,,"historical, museum, exhibits",,,,,,India,,,
1249,Chinnaswamy Stadium,,,,12.97877117,77.59952775,,,,,,,,,,,,,"cricket, stadium, sports",,,,,,India,,,
1250,MGRoad-TAJHotel,,,,12.97326554,77.61960112,,,,,,,,,,,,,hotel,,,,,,India,,,
1251,OberoiHotel-BLR,,,,12.97368187,77.61822599,,,,,,,,,,,,,hotel,,,,,,India,,,
1252,PARKHOTEL-BLR,,,,12.97405756,77.61948566,,,,,,,,,,,,,hotel,,,,,,India,,,
1253,Raddison Hotel BLR,,,,12.97619291,77.61940095,,,,,,,,,,,,,hotel,,,,,,India,,,
1254,Conrad BLR Hotel,,,,12.97524772,77.62073138,,,,,,,,,,,,,hotel,,,,,,India,,,
1255,Brahmin's Coffee Bar-BLR,,,,12.95390435,77.56881087,,,,,,,,,,,,,"cafe, cuisine",,,,,,India,,,
1256,MTR Restaurant,,,,12.95517888,77.58550585,,,,,,,,,,,,,"restaurant, cuisine",,,,,,India,,,
1257,Koshy's Restaurant,,,,12.9758609,77.60153062,,,,,,,,,,,,,"restaurant, cuisine",,,,,,India,,,
1258,Lalbagh Waterfall,,,,12.94606859,77.58625315,,,,,,,,,,,,,"waterfall, natural, scenic",,,,,,India,,,
1259,Ashok Pillar Monument,,,,12.94370951,77.58527312,,,,,,,,,,,,,"historical, archaeological, cultural",,,,,,India,,,
1260,HotelLeela Palace BLR,,,,12.96026331,77.64840537,,,,,,,,,,,,,"hotel, hospitality",,,,,,India,,,
1261,Commercial Street BLR,,,,12.98226586,77.60821117,,,,,,,,,,,,,"shopping, fashion",,,,,,India,,,
1262,Brigade Road Shopping BLR,,,,12.97151372,77.60678029,,,,,,,,,,,,,"shopping, fashion",,,,,,India,,,
1263,UB City Mall+FoodBLR,,,,12.97187243,77.59612346,,,,,,,,,,,,,"shopping, entertainment",,,,,,India,,,
1264,Residency Road BLR,,,,12.96983669,77.60295956,,,,,,,,,,,,,"shopping, fashion, restaurant",,,,,,India,,,
1265,Diamond District BLR,,,,12.95931787,77.64365849,,,,,,,,,,,,,"shopping, fashion",,,,,,India,,,
1266, Ft. Road,,,,12.97261936,77.64698459,,,,,,,,,,,,,"historical, cultural",,,,,,India,,,
1267,Mysore City Centre Market,,,,12.30847102,76.65298087,,,,,,,,,,,,,"market, shopping",,,,,,India,,,
1268,IIM BLR,,,,12.89544331,77.60215765,,,,,,,,,,,,,educational,,,,,,India,,,
1269,Gurudwara Dukh Niwaran Sahib,,,,30.34734,76.39700436,,,,,,,,,,,,,"gurudwara, religious",,,,,,India,,,
1270,Chattbir Zoo,,,,30.60365181,76.79231433,,,,,,,,,,,,,"park, wildlife, conservation",,,,,,India,,,
1271,Sohana Gurudwara ,,,,30.68883438,76.70754415,,,,,,,,,,,,,"gurudwara, religious",,,,,,India,,,
1272,Rose Garden ,,,,30.74498009,76.7785198,,,,,,,,,,,,,"garden, floral, scenic",,,,,,India,,,
1273,Government Museum and Art Gallery,,,,30.74966503,76.78794088,,,,,,,,,,,,,"museum, art, exhibits",,,,,,India,,,
1274,Leisure Valley,,,,30.75319516,76.79299456,,,,,,,,,,,,,"park, recreational",,,,,,India,,,
1275,Bogainvilla Park,,,,30.75831024,76.79615857,,,,,,,,,,,,,"park, garden, nature",,,,,,India,,,
1276,"Rock Garden, Chandigarh",,,,30.75290995,76.80522405,,,,,,,,,,,,, garden,,,,,,India,,,
1277,"Tower of Shadows, Chandigarh",,,,30.75971997,76.80419957,,,,,,,,,,,,,architecture,,,,,,India,,,
1278,Yadavindra Gardens,,,,30.79313736,76.91264309,,,,,,,,,,,,,"historical, garden, architectural",,,,,,India,,,
1279,Guru Tegh Bahadur Sikh Museum,,,,31.23498045,76.49778731,,,,,,,,,,,,,"museum, exhibits",,,,,,India,,,
1280,Himalayan Nature Park Kufri,,,,31.09744674,77.26471307,,,,,,,,,,,,,"nature, park",,,,,,India,,,
1281,Jakhu Park,,,,31.10127183,77.18446697,,,,,,,,,,,,,"park, nature",,,,,,India,,,
1282,"Indira Gandhi Statue, Shimla",,,,31.10488449,77.17489152,,,,,,,,,,,,,architectural,,,,,,India,,,
1283,Annadale Golf Hub,,,,31.1115836,77.15816522,,,,,,,,,,,,,sports,,,,,,India,,,
1284,Dhyanlinga Meditation and Yoga Centre,,,,10.97798679,76.73528133,,,,,,,,,,,,,"meditation, yoga, spiritual",,,,,,India,,,
1285,Adiyogi Shiva Statue,,,,10.9724662,76.74043963,,,,,,,,,,,,," religious, architectural",,,,,,India,,,
1286,Isha Yoga Temple,,,,10.97627187,76.73668682,,,,,,,,,,,,,"temple, spiritual, yoga",,,,,,India,,,
1287,Narasipuram Multi Step Waterfall,,,,10.97983316,76.76020693,,,,,,,,,,,,,"waterfall, natural, trekking",,,,,,India,,,
1288,Kovai Kutralam Waterfall,,,,10.93968923,76.6907528,,,,,,,,,,,,,"waterfall, natural, scenic",,,,,,India,,,
1289,Siruvani Waterfall,,,,10.93968923,76.6907528,,,,,,,,,,,,,"waterfall, natural, photography",,,,,,India,,,
1290,Masaniamman Temple,,,,11.00493672,77.02161734,,,,,,,,,,,,,"temple, spiritual, religious",,,,,,India,,,
1291,Kodiveri Waterfall and Dam,,,,11.47345618,77.29596576,,,,,,,,,,,,,"Waterfall, dam, scenic spot",,,,,,India,,,
1292,Monkey Waterfalls,,,,10.45798931,76.96955093,,,,,,,,,,,,,"Waterfall, natural beauty, trekking",,,,,,India,,,
1293,Siruvani Dam,,,,10.97526232,76.64205143,,,,,,,,,,,,,"dam, scenic",,,,,,India,,,
1294,Marudhamalai Temple,,,,11.04412776,76.86257778,,,,,,,,,,,,,"temple, spiritual, religious",,,,,,India,,,
1295,Gedee Car Museum,,,,11.00660937,76.97788441,,,,,,,,,,,,,museum,,,,,,India,,,
1296,Gedee Science Museum,,,,11.0076153,76.97845574,,,,,,,,,,,,,"museum, exhibits",,,,,,India,,,
1297,VOC Ground Amusement Park,,,,11.00493941,76.97149315,,,,,,,,,,,,,"amusement, family",,,,,,India,,,
1298,St Maichaels Cathedral,,,,10.99543286,76.96509562,,,,,,,,,,,,,"cathedral, religious, architectural",,,,,,India,,,
1299,Sungam Lake Boating,,,,10.99260671,76.97651766,,,,,,,,,,,,,"lake, boating, recreational",,,,,,India,,,
1300,Ernatica Sea World Amusement Park,,,,10.98706391,76.95713529,,,,,,,,,,,,,"amusement, marine, exhibits",,,,,,India,,,
1301,Diwan Bhadur Rd Shopping,,,,11.00721269,76.95096455,,,,,,,,,,,,,shopping,,,,,,India,,,
1302,Cross Cut Road Shopping,,,,11.02040261,76.96817688,,,,,,,,,,,,,shopping,,,,,,India,,,
1303,VellianGiri Sivan Hill Temple,,,,10.98886917,76.68654894,,,,,,,,,,,,,"temple, spiritual, religious",,,,,,India,,,
1304,VellianGiri Temple Trail Trek,,,,10.98489949,76.69047091,,,,,,,,,,,,,"trekking, nature, scenic",,,,,,India,,,
1305,Bheeman Immovable Stone,,,,10.98228457,76.69890109,,,,,,,,,,,,,"historical,  cultural",,,,,,India,,,
1306,Arulmigu Sri Eachanari Vinayagar Temple,,,,10.92392593,76.98234594,,,,,,,,,,,,,"temple, spiritual, religious",,,,,,India,,,
1307,Black Thunder Water Theme Park,,,,11.32640314,76.91264025,,,,,,,,,,,,,"park, amusement, adventureS",,,,,,India,,,
1308,Exotic Bird Park,,,,11.32072942,76.91743681,,,,,,,,,,,,,"sanctuary, nature, conservation",,,,,,India,,,
1309,Connoor Wellington Gymkhana Club,,,,11.36029184,76.79616822,,,,,,,,,,,,,"club, sports",,,,,,India,,,
1310,Coonnoor Sims Park,,,,11.35677489,76.80011415,,,,,,,,,,,,,"garden, scenic, floral",,,,,,India,,,
1311,Connoor Sims Park Hidden Valley Fountain,,,,11.36796376,76.79541367,,,,,,,,,,,,,"scenic, fountain, natural",,,,,,India,,,
1312,Hillgrove Scenec Train Pass,,,,11.34256212,76.83640883,,,,,,,,,,,,,"scenic, railway,  journey",,,,,,India,,,
1313,Dolphin Nose View Point Coonnoor,,,,11.36840454,76.85848486,,,,,,,,,,,,,"scenic, photography",,,,,,India,,,
1314,Burliyar Bridge,,,,11.34423855,76.85003708,,,,,,,,,,,,,"historical,  bridge",,,,,,India,,,
1315,Connoor madras Regiment Museum,,,,11.36573271,76.78801726,,,,,,,,,,,,,"museum, exhibits",,,,,,India,,,
1316,Connoor Black Bridge,,,,11.36083702,76.78062981,,,,,,,,,,,,,"historical, architectural, bridge",,,,,,India,,,
1317,Coonnoor manekshaw Bridge,,,,11.36154097,76.7810155,,,,,,,,,,,,,"historical, architectural, bridge",,,,,,India,,,
1318,Connoor Wellington lake,,,,11.36205114,76.78565206,,,,,,,,,,,,,"lake, boating, nature",,,,,,India,,,
1319,Connoor Nilgiris Tea Garden,,,,11.35462727,76.80072764,,,,,,,,,,,,,"tea, plantation, scenic",,,,,,India,,,
1320,Sleeping Lady View Point,,,,11.35293644,76.7957261,,,,,,,,,,,,,"scenic,  natural",,,,,,India,,,
1321,Connoor Laws Falls,,,,11.33172606,76.80067829,,,,,,,,,,,,,"waterfall, natural",,,,,,India,,,
1322,Connoor Nilgir Mountain Railway Bridge,,,,11.32850283,76.79469547,,,,,,,,,,,,,"railway, architectural",,,,,,India,,,
1323,Huligal Hills Connoor,,,,11.33305787,76.79231461,,,,,,,,,,,,,"hills, trekking, nature",,,,,,India,,,
1324,Pakasun Peak View Point Coonnoor,,,,11.31631608,76.83628787,,,,,,,,,,,,,"scenic, photography",,,,,,India,,,
1325,Archedin Hills View Point Echo,,,,11.30652382,76.79047379,,,,,,,,,,,,,"scenic, photography",,,,,,India,,,
1326,Kullakamby Waterfalls,,,,11.28838071,76.75246833,,,,,,,,,,,,,"waterfall, natural",,,,,,India,,,
1327,Masinagudi Maravakandy Dam,,,,11.57390708,76.65160225,,,,,,,,,,,,,"dam, scenic",,,,,,India,,,
1328,Bandipura national park,,,,11.66718844,76.62882289,,,,,,,,,,,,," wildlife, sanctuary, biodiversity",,,,,,India,,,
1329,Ooty Boating,,,,11.40582819,76.68835584,,,,,,,,,,,,,"lake, boating",,,,,,India,,,
1330,Ooty Romantic Boating,,,,11.40392167,76.68103622,,,,,,,,,,,,,"lake, boating",,,,,,India,,,
1331,Ooty horticulture garden,,,,11.40083872,76.68376687,,,,,,,,,,,,,"garden, floral, nature",,,,,,India,,,
1332,Ooty thunderworld amusement park,,,,11.40411802,76.6938934,,,,,,,,,,,,,"amusement, adventure, family",,,,,,India,,,
1333,Ooty Arbotreum Tea Garden,,,,11.39971006,76.69384217,,,,,,,,,,,,,"tea, plantation, garden",,,,,,India,,,
1334,Ooty Hill Stn,,,,11.40655611,76.6928913,,,,,,,,,,,,,"scenic, nature",,,,,,India,,,
1335,Ooty Ketri Valley View point,,,,11.3972769,76.71736752,,,,,,,,,,,,,"scenic, photography",,,,,,India,,,
1336,Ooty Tiger Point,,,,11.39720949,76.72706618,,,,,,,,,,,,,"scenic, photography",,,,,,India,,,
1337,Ooty pine Forest,,,,11.43938921,76.65764844,,,,,,,,,,,,,forest,,,,,,India,,,
1338,Ooty market,,,,11.41536105,76.69428256,,,,,,,,,,,,,market,,,,,,India,,,
1339,Ooty Commercial Street,,,,11.40723902,76.70383336,,,,,,,,,,,,,"shopping, market",,,,,,India,,,
1340,Ooty Upper Bazaar,,,,11.4090285,76.70189274,,,,,,,,,,,,,"shopping, market",,,,,,India,,,
1341,Ooty CSI St Stephens Church,,,,11.41522891,76.70231072,,,,,,,,,,,,,"church, religious",,,,,,India,,,
1342,Ooty Govt Museum,,,,11.41220518,76.71486493,,,,,,,,,,,,,museum,,,,,,India,,,
1343,Shri Bhimashankar Jyotirlinga Wildlife Reserve,,,,19.09360768,73.5546089,,,,,,,,,,,,,"reserve, wildlife",,,,,,India,,,
1344,Sinhagad Fort,,,,18.37069764,73.75418215,,,,,,,,,,,,,"fort, historical",,,,,,India,,,
1345,Lal Mahal,,,,18.51899255,73.85661611,,,,,,,,,,,,,"historical, architectural",,,,,,India,,,
1346,Parvati Hill,,,,18.49758719,73.84823757,,,,,,,,,,,,,"photography, trekking",,,,,,India,,,
1347,Joshi's Museum Of Miniature Railways,,,,18.50165389,73.82236486,,,,,,,,,,,,,"photography, museum",,,,,,India,,,
1348,Shaniwar Wada,,,,18.51970884,73.8553175,,,,,,,,,,,,,"historical, architectural",,,,,,India,,,
1349,Shreemant Dagdusheth Halwai Ganpati Mandir,,,,18.51680103,73.85737744,,,,,,,,,,,,,"temple, religious, spiritual",,,,,,India,,,
1350,FC Road,,,,18.52199938,73.84095221,,,,,,,,,,,,,"shopping, nightlife",,,,,,India,,,
1351,Vishrambaug Wada,,,,18.51437718,73.85382359,,,,,,,,,,,,,"historical, architectural",,,,,,India,,,
1352,Iskcon Temple,,,,18.52121769,73.87920214,,,,,,,,,,,,,"temple, religious, spiritual",,,,,,India,,,
1353,Mahabaleshwar,,,,17.92601,73.65668,,,,,,,,,,,,,"photography, scenic",,,,,,India,,,
1354,Mulshi,,,,18.46479,73.46763,,,,,,,,,,,,,"photography, scenic",,,,,,India,,,
1355,Panchgani,,,,17.92476,73.80563,,,,,,,,,,,,,"photography, scenic",,,,,,India,,,
1356,"Chiplun, Ratnagiri",,,,17.54263,73.52088,,,,,,,,,,,,,"beach, photography",,,,,,India,,,
1357,Rajiv Gandhi Zoological Park,,,,18.45276564,73.86078697,,,,,,,,,,,,,"Wildlife, zoo, conservation",,,,,,India,,,
1358,Saras Baug,,,,18.5020667,73.8475582,,,,,,,,,,,,,"religious, photography, historical",,,,,,India,,,
1359,Matheran,,,,18.98841303,73.26518004,,,,,,,,,,,,,"photography, scenic",,,,,,India,,,
1360,Lonavla,,,,18.75801152,73.40468353,,,,,,,,,,,,,"photography, scenic",,,,,,India,,,
1361,Laxmi Road,,,,18.5158615,73.85622692,,,,,,,,,,,,,"shopping, market",,,,,,India,,,
1362,Deccan Gymkhana,,,,18.51686,73.84353,,,,,,,,,,,,,sports,,,,,,India,,,
1363,Pataleshwar,,,,18.52711,73.85016,,,,,,,,,,,,,historical,,,,,,India,,,
1364,Jangli Maharaj Road,,,,18.51686,73.84353,,,,,,,,,,,,,"shopping, market",,,,,,India,,,
1365,Aga Khan Palace,,,,18.55297987,73.90179361,,,,,,,,,,,,,"historical, photography",,,,,,India,,,
1366,Shivneri Fort,,,,19.19330766,73.85544944,,,,,,,,,,,,,"historical, photography, fort",,,,,,India,,,
1367,Pune Cantonment,,,,18.513,73.87983,,,,,,,,,,,,,"shopping, photgraphy",,,,,,India,,,
1368,Siddhivinayak Temple,,,,19.0169,72.8304,,,,,,,,,,,,,"temple, religious, spiritual",,,,,,India,,,
1369,Gateway of India,,,,18.922456,72.834778,,,,,,,,,,,,,"photography, historical, architectural",,,,,,India,,,
1370,Nehru Planetarium,,,,19.0089,72.877778,,,,,,,,,,,,,"education, photography",,,,,,India,,,
1371,Chhatrapati Shivaji Maharaj Terminus,,,,18.935006,72.877647,,,,,,,,,,,,,airport,,,,,,India,,,
1372,Murud-Janjira Fort,,,,18.3319,72.9608,,,,,,,,,,,,,"fort, historical",,,,,,India,,,
1373,Murud Beach ,,,,18.32971336,72.95486193,,,,,,,,,,,,,"beach, photography, serene",,,,,,India,,,
1374,Janjira Fort,,,,18.30015601,72.96436774,,,,,,,,,,,,,"fort, historical",,,,,,India,,,
1375,Alibag Beach,,,,18.639,72.8721,,,,,,,,,,,,,"beach, photography, serene",,,,,,India,,,
1376,Taj Mahal Palace,,,,18.9217,72.8332,,,,,,,,,,,,,"historical, palace",,,,,,India,,,
1377,Kolrai Fort ,,,,18.5363,72.9081,,,,,,,,,,,,,"fort, historical",,,,,,India,,,
1378,Diveagar Beach,,,,18.17246302,72.98492329,,,,,,,,,,,,,"beach, photography, serene",,,,,,India,,,
1379,Korigad Fort,,,,18.62100004,73.38569408,,,,,,,,,,,,,"fort, historical",,,,,,India,,,
1380,Lonavala ,,,,18.76028047,73.41271378,,,,,,,,,,,,,"photography, scenic, nature",,,,,,India,,,
1381,Khandala ,,,,18.77762373,73.37706764,,,,,,,,,,,,,"photography, scenic, nature",,,,,,India,,,
1382,Lohgad Fort,,,,18.70685001,73.47666102,,,,,,,,,,,,,"fort, historical",,,,,,India,,,
1383,Raigad Fort,,,,18.23901273,73.42605942,,,,,,,,,,,,,"fort, historical",,,,,,India,,,
1384,Rajgad Fort,,,,18.24669705,73.68080597,,,,,,,,,,,,,"fort, historical",,,,,,India,,,
1385,Karnala Bird Sanctury,,,,18.8931461,73.11253255,,,,,,,,,,,,,"conservation, sanctuary, photography",,,,,,India,,,
1386,Matheran ,,,,18.99106368,73.26489983,,,,,,,,,,,,,"photography, scenic, nature",,,,,,India,,,
1387,Juhu Beach ,,,,19.11641385,72.82182185,,,,,,,,,,,,,"beach, photography, serene",,,,,,India,,,
1388,Kanheri Caves ,,,,19.208133,72.90503494,,,,,,,,,,,,,"historical, architectural, cave",,,,,,India,,,
1389,Chhatrapati Shivaji Maharaj Vastu Sangrahalaya ,,,,18.92661732,72.83239119,,,,,,,,,,,,,"museum, historical, educational",,,,,,India,,,
1390,Elephanta Caves,,,,18.96389529,72.93113234,,,,,,,,,,,,,"historical, architectural, cave",,,,,,India,,,
1391,Trimbak,,,,19.93204425,73.53040044,,,,,,,,,,,,,"religious, pilgrimage, tourism",,,,,,India,,,
1392,Powai Dam ,,,,19.12697666,72.89601382,,,,,,,,,,,,,"dam, scenic",,,,,,India,,,
1393,Barid shahi tombs,,,,17.92013351,77.50378654,,,,,,,,,,,,,"religious,  architectural",,,,,,India,,,
1394,Bidar fort ,,,,17.92109088,77.53011801,,,,,,,,,,,,,"fort, historical",,,,,,India,,,
1395,Gullbarga fort ,,,,17.34056897,76.83316392,,,,,,,,,,,,,"fort, historical",,,,,,India,,,
1396,Ananthagiri Hills,,,,17.3115023,77.86458152,,,,,,,,,,,,,nature,,,,,,India,,,
1397,Warangal Fort,,,,17.95642142,79.61528081,,,,,,,,,,,,,"fort, historical",,,,,,India,,,
1398,Bhadrakali Lake ,,,,17.98893012,79.58104181,,,,,,,,,,,,,"lake, boating, nature",,,,,,India,,,
1399,Nallamala Forest,,,,15.99473757,78.51536681,,,,,,,,,,,,,wildlife,,,,,,India,,,
1400,Srisailam Dam ,,,,16.08767787,78.90007104,,,,,,,,,,,,,"dam, scenic",,,,,,India,,,
1401,Bhuvanagiri Fort,,,,17.51544549,78.89301505,,,,,,,,,,,,,"fort, historical, photography",,,,,,India,,,
1402,Ramoji Film City ,,,,17.25426282,78.67668145,,,,,,,,,,,,,"shopping, market",,,,,,India,,,
1403,Kandlakoya Oxygen Park,,,,17.60389123,78.49127067,,,,,,,,,,,,,"shopping, market",,,,,,India,,,
1404,Osman Sagar,,,,17.36027115,78.29916137,,,,,,,,,,,,,"lake, photography",,,,,,India,,,
1405,Mrugavani National Park,,,,17.35462114,78.33855556,,,,,,,,,,,,,"shopping, market",,,,,,India,,,
1406,Golconda Fort ,,,,17.38436144,78.40254514,,,,,,,,,,,,,"fort, historical, photography",,,,,,India,,,
1407,Charminar,,,,17.36164128,78.4746829,,,,,,,,,,,,,"architectural, photography, historical",,,,,,India,,,
1408,Chowmahalla Palace,,,,17.35804365,78.4716083,,,,,,,,,,,,,"architectural, photography",,,,,,India,,,
1409,"Buddha Statue, Hussain Sagar",,,,17.41554521,78.47499445,,,,,,,,,,,,,"religious, architectural, photography",,,,,,India,,,
1410,NTR Gardens ,,,,17.41338426,78.46823597,,,,,,,,,,,,,"garden, nature, scenic",,,,,,India,,,
1411,Falaknuma Palace,,,,17.33111497,78.4667046,,,,,,,,,,,,,"architectural, photography, historical",,,,,,India,,,
1412,Nehru Zoological Park ,,,,17.3509714,78.44500433,,,,,,,,,,,,,"wildlife, conservation, nature",,,,,,India,,,
1413,Rotary Park for children,,,,17.42194277,78.48459666,,,,,,,,,,,,,"park, floral",,,,,,India,,,
1414,Sajnekhali Tiger Reserve ,,,,22.12628101,88.80336796,,,,,,,,,,,,,"wildlife, conservation, nature",,,,,,India,,,
1415,Sunderban Tiger Reserve ,,,,21.92745114,88.72376463,,,,,,,,,,,,,"wildlife, conservation, nature",,,,,,India,,,
1416,Bibhuti Bhushan Wildlife Sanctuary ,,,,23.1868203,88.75731959,,,,,,,,,,,,,"wildlife, conservation, nature",,,,,,India,,,
1417,Dakshineswar Kali Temple,,,,22.65482942,88.35751994,,,,,,,,,,,,,"temple, religious, spiritual",,,,,,India,,,
1418,Central Park ,,,,22.58910528,88.41441045,,,,,,,,,,,,,"park, floral, photography",,,,,,India,,,
1419,Howrah Bridge,,,,22.58511763,88.34692188,,,,,,,,,,,,,"bridge, architectural",,,,,,India,,,
1420,Acharya Jagadish Chandra Bose Indian Botanic Garden ,,,,22.56069061,88.28666686,,,,,,,,,,,,,"garden, floral, educational",,,,,,India,,,
1421,Belur Math,,,,22.63302288,88.3566819,,,,,,,,,,,,,"religious, architectural, photography",,,,,,India,,,
1422,Howrah Junction,,,,22.58368415,88.34194632,,,,,,,,,,,,,"architectural, travel",,,,,,India,,,
1423,Mullick Ghat Flower Market,,,,22.58163265,88.34866423,,,,,,,,,,,,,"floral, shopping",,,,,,India,,,
1424,Eastern Railway Museum,,,,22.57792353,88.34002333,,,,,,,,,,,,,"shopping, market",,,,,,India,,,
1425,St. John's Protestant Church,,,,22.56993461,88.34594305,,,,,,,,,,,,,"religious, church, spiritual",,,,,,India,,,
1426,"Raj Bhavan, Kolkata",,,,22.56724152,88.34722568,,,,,,,,,,,,,"government, architectural",,,,,,India,,,
1427,"Eden Gardens Park, Kolkata",,,,22.56406197,88.34016991,,,,,,,,,,,,,"cricket, stadium, sports",,,,,,India,,,
1428,Fort William ,,,,22.55787151,88.33465293,,,,,,,,,,,,,"fort, architectural",,,,,,India,,,
1429,Victoria Memorial Garden ,,,,22.54593871,88.34280075,,,,,,,,,,,,,"garden, nature, scenic",,,,,,India,,,
1430,"St. Paul Cathedral Church, Kolkata",,,,22.54428044,88.34663171,,,,,,,,,,,,,"church, religious, spiritual",,,,,,India,,,
1431,"Kalighat Mandir Shaktipeeth, Kolkata",,,,22.52022554,88.34212487,,,,,,,,,,,,,"temple, religious, spiritual",,,,,,India,,,
1432,"Subhash Sarovar, Kolkata",,,,22.56827017,88.39980653,,,,,,,,,,,,,"lake, recreational, photography",,,,,,India,,,
1433,"James Prinsep Monument, Kolkata",,,,22.55541269,88.33083924,,,,,,,,,,,,,"architectural, historical",,,,,,India,,,
1434,"Birla Mandir, Kolkata",,,,22.53061947,88.3649636,,,,,,,,,,,,,"temple, religious, spiritual",,,,,,India,,,
1435,"Indian Museum, Kolkata",,,,22.55781742,88.35107447,,,,,,,,,,,,,"museum, exhibits",,,,,,India,,,
1436,"New Market, Kolkata",,,,22.56060142,88.35255766,,,,,,,,,,,,,"shopping, market",,,,,,India,,,
1437,IIT Guwahati,,,,26.20274,91.70037,,,,,,,,,,,,,education,,,,,,India,,,
1438,Sri Umananda Temple,,,,26.19633,91.74516,,,,,,,,,,,,,"shopping, market",,,,,,India,,,
1439,Guwahati Ropeway,,,,10.83030209,76.72011221,,,,,,,,,,,,,adventure,,,,,,India,,,
1440,Nehru Park,,,,26.1885,91.74751,,,,,,,,,,,,,"park, nature",,,,,,India,,,
1441,Pan Bazar,,,,26.1827,91.74922,,,,,,,,,,,,,"cultural, educational, shopping",,,,,,India,,,
1442,Guwahati Planetorium,,,,26.1914,91.75196,,,,,,,,,,,,,"astronomical, education, architetcural",,,,,,India,,,
1443,SUKRESHWAR MANDIR,,,,26.1941,91.73515,,,,,,,,,,,,,"temple, religious, spiritual",,,,,,India,,,
1444,Umling,,,,25.9826,91.86849,,,,,,,,,,,,,"tourism, nature, serene",,,,,,India,,,
1445,NARANARAYAN SETU,,,,26.21899,90.56011,,,,,,,,,,,,,"bridge, tourism",,,,,,India,,,
1446,Girijananda Chowdhury University,,,,26.13519,91.6252,,,,,,,,,,,,,education,,,,,,India,,,
1447,Govind Devji Temple,,,,27.58142424,77.69938204,,,,,,,,,,,,,"temple, religious, spiritual",,,,,,India,,,
1448,Vrindavan ,,,,27.58149572,77.70220309,,,,,,,,,,,,,"temple, religious, spiritual",,,,,,India,,,
1449,Mathura,,,,27.48312617,77.67349267,,,,,,,,,,,,,"temple, religious, spiritual",,,,,,India,,,
1450,Deeg Palace,,,,27.47272854,77.32370678,,,,,,,,,,,,,"architectural, historical",,,,,,India,,,
1451,Sultanpur National Park,,,,28.46453569,76.88630872,,,,,,,,,,,,,"wildlife, conservation",,,,,,India,,,
1452,"Leisure Valley Park, Gurugram",,,,28.46957431,77.06595962,,,,,,,,,,,,,"park, scenic, floral",,,,,,India,,,
1453,"Coronation Memorial, Delhi",,,,28.72301273,77.19676007,,,,,,,,,,,,,"shopping, market",,,,,,India,,,
1454,"Tagore Garden, Delhi",,,,28.64703394,77.11094752,,,,,,,,,,,,,"shopping, market",,,,,,India,,,
1455,"Rajouri Garden, Delhi",,,,28.64986333,77.12273845,,,,,,,,,,,,,"shopping, market",,,,,,India,,,
1456,"Shri Adya Katyayini Shaktipeetam, Delhi",,,,28.65017764,77.31096798,,,,,,,,,,,,,"delhi, religious",,,,,,India,,,
1457,Qutub Minar,,,,28.52462725,77.18540104,,,,,,,,,,,,,"architectural, historical",,,,,,India,,,
1458,Mehrauli Archaeological Park,,,,28.52040276,77.18759278,,,,,,,,,,,,,"park, archeology",,,,,,India,,,
1459,Garden Of Five Senses,,,,28.51429248,77.19751001,,,,,,,,,,,,,"garden, scenic",,,,,,India,,,
1460,Begumpur Mosque,,,,28.53924123,77.20635831,,,,,,,,,,,,,"mosque, religious, spiritual",,,,,,India,,,
1461,Vasant Vihar Park,,,,28.55835801,77.16370617,,,,,,,,,,,,,"park, floral, scenic",,,,,,India,,,
1462,Hauz Khas Fort,,,,28.55346729,77.19347146,,,,,,,,,,,,,"fort, architectural, historical",,,,,,India,,,
1463,Dr Bhim Rao Ambedkar Central Park,,,,28.56139602,77.19551358,,,,,,,,,,,,,"park, floral, scenic",,,,,,India,,,
1464,Green Park,,,,28.55667495,77.20435948,,,,,,,,,,,,,"park, floral, nature",,,,,,India,,,
1465,Nehru Place,,,,28.55006058,77.25136018,,,,,,,,,,,,,"market, shopping",,,,,,India,,,
1466,Lotus Temple,,,,28.5535902,77.25921782,,,,,,,,,,,,,"temple, religious, spiritual",,,,,,India,,,
1467,"ISCKON Temple, New Delhi",,,,28.55627285,77.25378464,,,,,,,,,,,,,"temple, religious, spiritual",,,,,,India,,,
1468,Okhla Bird Sanctuary,,,,28.57431947,77.30254257,,,,,,,,,,,,,"sanctuary, conservation, bird",,,,,,India,,,
1469,"Safdarjung Tomb, Delhi",,,,28.58964016,77.21053599,,,,,,,,,,,,,"religious, architectural, historical",,,,,,India,,,
1470,"Nehru Park, Delhi",,,,28.59077976,77.19283684,,,,,,,,,,,,,"park, floral, nature",,,,,,India,,,
1471,"Indira Gandhi Memorial Museum, Delhi",,,,28.59994919,77.20608208,,,,,,,,,,,,,"museum, historical, educational",,,,,,India,,,
1472,"Gandhi Smriti Museum, Delhi",,,,28.60272444,77.21418693,,,,,,,,,,,,,"museum, historical, exhibits",,,,,,India,,,
1473,"Lodhi Garden, Delhi",,,,28.59302605,77.21947244,,,,,,,,,,,,,"garden, floral, photography",,,,,,India,,,
1474,"Shah Tomb, Delhi",,,,28.59099123,77.21806696,,,,,,,,,,,,,"religious, architectural, historical",,,,,,India,,,
1475,"Sikandar Lodhi Tomb, Delhi",,,,28.5961253,77.22153238,,,,,,,,,,,,,"religious, architectural, historical",,,,,,India,,,
1476,"Humayun's Tomb, Delhi ",,,,28.59345428,77.25077063,,,,,,,,,,,,,"religious, architectural, historical",,,,,,India,,,
1477,"Mughal Garden Pavillion, Delhi",,,,28.59752378,77.24768073,,,,,,,,,,,,,"garden, floral, scenic",,,,,,India,,,
1478,"National Zoological Park, Delhi ",,,,28.60685654,77.24538953,,,,,,,,,,,,,"wildlife, park, conservation",,,,,,India,,,
1479,"Purana Qila, Delhi",,,,28.60975333,77.24369418,,,,,,,,,,,,,"fort, historical, architectural",,,,,,India,,,
1480,India Gate ,,,,28.61376542,77.22955744,,,,,,,,,,,,,"hostorical, photography, architectural",,,,,,India,,,
1481,Rashtrapati Bhavan,,,,28.61453608,77.19952653,,,,,,,,,,,,,"government, architectural",,,,,,India,,,
1482,Gurudwara Sri Bangla Sahib,,,,28.62654589,77.20913477,,,,,,,,,,,,,"gurudwara, religious, spiritual",,,,,,India,,,
1483,"Jantar Mantar, Delhi",,,,28.6271206,77.21661597,,,,,,,,,,,,,"astronomical, education, architetcural",,,,,,India,,,
1484,"Ugrasen ki Baoli, Delhi",,,,28.62621265,77.22504762,,,,,,,,,,,,,"historical, architectural",,,,,,India,,,
1485,"Jama Masjid, Delhi",,,,28.65083923,77.23346355,,,,,,,,,,,,,"mosque, religious, spiritual",,,,,,India,,,
1486,Red Fort ,,,,28.65668799,77.24391436,,,,,,,,,,,,,"fort, architectural, historical",,,,,,India,,,
1487,Sansad Bhavan,,,,28.617189,77.208084,,,,,,,,,,,,,"fort, architectural, historical",,,,,,India,,,
1488,Connaught Place,,,,28.63278,77.21972,,,,,,,,,,,,,"palace, architectural, historical",,,,,,India,,,
1489,Salimgarh Fort,,,,28.661,77.24,,,,,,,,,,,,,"fort, architectural, historical",,,,,,India,,,
1490,Tughlaqabad,,,,28.51194,77.26083,,,,,,,,,,,,,"fort, reservoir, historical",,,,,,India,,,
1491,Chandni Chowk,,,,28.656,77.231,,,,,,,,,,,,,tourism,,,,,,India,,,
1492,"Akshardham, Delhi",,,,28.6125,77.27722,,,,,,,,,,,,,"temple, religious, spiritual, historical",,,,,,India,,,
1493,Cathedral Church of Redemption,,,,28.618038,77.201978,,,,,,,,,,,,,"church, religious, historical",,,,,,India,,,
1494,"St. James Church, Delhi",,,,28.665637,77.230784,,,,,,,,,,,,,"church,  spiritual",,,,,,India,,,
1495,"National Museum, New Delhi",,,,28.611811,77.219262,,,,,,,,,,,,,"museum, exhibits",,,,,,India,,,
1496,"National_Rail_Museum,_New_Delhi",,,,28.58472,77.18139,,,,,,,,,,,,,"museum, exhibits",,,,,,India,,,
1497,Nizamuddin Dargah,,,,28.591306,77.241806,,,,,,,,,,,,,"historical, religious",,,,,,India,,,
1498,Raj Ghat,,,,28.64055,77.249433,,,,,,,,,,,,,"memorial, historical",,,,,,India,,,
1499,Perungudi Lake,,,,12.97879545,80.25911807,,,,,,,,,,,,,"lake, serene",,,,,,India,,,
1500,Hidden Lake,,,,12.98347913,80.17878055,,,,,,,,,,,,,"lake, tourism, trekking",,,,,,India,,,
1501,Perarignar Anna Museum,,,,13.08181605,80.2852106,,,,,,,,,,,,,"museum, exhibits",,,,,,India,,,
1502,Adyar Banyan Tree,,,,13.02228339,80.26735782,,,,,,,,,,,,,tourism,,,,,,India,,,
1503,Dr. APJ Abdul Kalam Park,,,,13.07579654,80.23371219,,,,,,,,,,,,,"park, floral",,,,,,India,,,
1504,Elliot's Beach,,,,12.9962,80.27058,,,,,,,,,,,,,"beach, food, serene",,,,,,India,,,
1505,Governor's Bungalow,,,,12.99805,80.27252,,,,,,,,,,,,,government,,,,,,India,,,
1506,BSR Mall,,,,12.94971542,80.24039587,,,,,,,,,,,,,"mall, shopping",,,,,,India,,,
1507,Matsya Narayana Temple,,,,12.87894752,80.25115464,,,,,,,,,,,,,"temple, religious, spiritual",,,,,,India,,,
1508,Kamakshi Temple,,,,12.93430688,80.1564271,,,,,,,,,,,,,"temple, religious, spiritual",,,,,,India,,,
1509,IIT Madras,,,,12.98838,80.23313,,,,,,,,,,,,,education,,,,,,India,,,
1510,Thiruvalluvar Nagar Beach,,,,12.97401018,80.26660144,,,,,,,,,,,,,"beach, food, scenic",,,,,,India,,,
1511,Anna University,,,,13.01125874,80.23599613,,,,,,,,,,,,,education,,,,,,India,,,
1512,World Trade Centre,,,,12.96205437,80.24473542,,,,,,,,,,,,,architetcural,,,,,,India,,,
1513,Marina Beach,,,,13.06035177,80.28652158,,,,,,,,,,,,,beach,,,,,,India,,,
1514,Phoenix Marketcity,,,,12.99230853,80.21718025,,,,,,,,,,,,,"mall, shopping",,,,,,India,,,
1515,Gunidy National Park,,,,12.99924,80.22982,,,,,,,,,,,,,"park, conservation, wildlife",,,,,,India,,,
1516,Vandalur Zoo,,,,12.88075,80.08863,,,,,,,,,,,,,"zoo, wildlife, conservation",,,,,,India,,,
1517,Arignar Anna Zoological Park,,,,12.87983,80.08119,,,,,,,,,,,,,"wildlife, conservation, park",,,,,,India,,,
1518,ECR Beach,,,,12.89276,80.25302,,,,,,,,,,,,,"beach, serene, photography",,,,,,India,,,
1519,Golden Beach,,,,12.91752,80.25426,,,,,,,,,,,,,"beach, serene",,,,,,India,,,
1520,Writer's CafÃÂ©,,,,12.98608,80.2503,,,,,,,,,,,,,"cafe, cuisine",,,,,,India,,,
1521,Taj Wellington Mews,,,,12.99105,80.24989,,,,,,,,,,,,,hotel,,,,,,India,,,
1522,Krishnagiri Fort,,,,12.25774,79.40604,,,,,,,,,,,,,"fort, architectural, historical",,,,,,India,,,
1523,Hidimba Devi Temple_Manali,,,,32.24833527,77.18163672,,,,,,,,,,,,,"temple, religious, spiritual",,,,,,India,,,
1524,Lama Dugh Trek Start Point Manali,,,,32.2489198,77.17473429,,,,,,,,,,,,,"adventure, trekking",,,,,,India,,,
1525,Lion King Rock Manali,,,,32.24426632,77.17044847,,,,,,,,,,,,,"adventure, trekking",,,,,,India,,,
1526,Manali Market,,,,32.24468918,77.18956942,,,,,,,,,,,,,"shopping, market",,,,,,India,,,
1527,Lamadugh Top Trek,,,,32.23110824,77.14187832,,,,,,,,,,,,,"trekking, adventure",,,,,,India,,,
1528,Kanpari Tibba Hike,,,,32.22391065,77.13023043,,,,,,,,,,,,,"hiking, adventure",,,,,,India,,,
1529,Kho Waterfall Manali,,,,32.2478879,77.12297541,,,,,,,,,,,,,waterfall,,,,,,India,,,
1530,Rahala Waterfall Manali,,,,32.33625137,77.21854804,,,,,,,,,,,,,waterfall,,,,,,India,,,
1531,Panduropa Flat Top Hill,,,,32.25946221,77.21848403,,,,,,,,,,,,,"trekking, scenic",,,,,,India,,,
1532,Hampta Pass Snow Area,,,,32.2671669,77.24741752,,,,,,,,,,,,,"trekking, nature, photography",,,,,,India,,,
1533,Hanuman Tibba Peak,,,,32.3346684,77.05100071,,,,,,,,,,,,,"scenic, nature, photography",,,,,,India,,,
1534,Solang Valley Paragliding,,,,32.31382979,77.16242533,,,,,,,,,,,,,adventure,,,,,,India,,,
1535,Solang Skiing and Zipline Adventure Manali,,,,32.31670003,77.15300942,,,,,,,,,,,,,adventure,,,,,,India,,,
1536,Atal Tunnel South Point,,,,32.3636172,77.13335351,,,,,,,,,,,,,"tunnel, architectural",,,,,,India,,,
1537,Atal Tunnel North point Rohtang,,,,32.38671105,77.14353785,,,,,,,,,,,,,"tunnel, architectural",,,,,,India,,,
1538,Manali Snow Point,,,,32.27574252,77.18074791,,,,,,,,,,,,,"nature, photography, scenic",,,,,,India,,,
1539,Jogini Waterfall,,,,32.27545124,77.1892808,,,,,,,,,,,,,"waterfall, scenic, photography",,,,,,India,,,
1540,Beas Riverside Camping,,,,32.27119632,77.17900315,,,,,,,,,,,,,"camping, adventure",,,,,,India,,,
1541,Manali Manikaran Gurudwara,,,,32.02698512,77.34491091,,,,,,,,,,,,,"gurudwara, religious",,,,,,India,,,
1542,Manali Manikaran Hindu Temples-Bholenaath Hot Spring Bath,,,,32.02711759,77.34570828,,,,,,,,,,,,,"temple, religious, spiritual",,,,,,India,,,
1543,Manali-Leh Highway Gulaba Viewpoint,,,,32.31759903,77.18913083,,,,,,,,,,,,,"scenic, serene",,,,,,India,,,
1544,Gulaba Tourist Snow Point,,,,32.33149666,77.20649145,,,,,,,,,,,,,"serene, nature, photography",,,,,,India,,,
1545,Stone Valley View Point,,,,32.32993714,77.1987203,,,,,,,,,,,,,"nature, scenic, photography",,,,,,India,,,
1546,Film City View Point Manali,,,,32.3399584,77.21750231,,,,,,,,,,,,,"serene, photography",,,,,,India,,,
1547,Vashisht Baths and Temples,,,,32.26554,77.18777425,,,,,,,,,,,,,"temple, religious, spiritual",,,,,,India,,,
1548,Roericht Memorial Trust-Museum and Art Gallery,,,,32.11663652,77.16821999,,,,,,,,,,,,,"art, musem, cultural",,,,,,India,,,
1549,Naggar Castle Manali,,,,32.11138919,77.16475819,,,,,,,,,,,,,arhitectural,,,,,,India,,,
1550,Bhrigu Lake Historic Landmark,,,,32.29322327,77.24312364,,,,,,,,,,,,,"lake, scenic, photography",,,,,,India,,,
1551,Jana Manali Waterfall and Forest,,,,32.05321529,77.17192232,,,,,,,,,,,,,"waterfall, wildlife, nature",,,,,,India,,,
1552,Manali Wildlife Sanctuary,,,,32.25087225,77.16645027,,,,,,,,,,,,,"wildlife, conservation, nature",,,,,,India,,,
1553,Manali Model Town Road Tibetan Food Spots and Market,,,,32.24350371,77.18852496,,,,,,,,,,,,,"food, shopping",,,,,,India,,,
1554,Kullu Bijli Mahdev Temple,,,,31.92326462,77.15035321,,,,,,,,,,,,,"temple, religious, spiritual",,,,,,India,,,
1555,Kullu Tirthan Valley,,,,31.6296916,77.41988135,,,,,,,,,,,,,"waterfall, scenic, nature",,,,,,India,,,
1556,Kullu Great Himalayan National Park,,,,31.80396217,77.51394704,,,,,,,,,,,,,"wildlife, conservation, nature",,,,,,India,,,
1557,Kullu Jalori Pass-Ghat Road and Street Food,,,,31.54045234,77.37639965,,,,,,,,,,,,,"trekking, food, adventure",,,,,,India,,,
1558,Kullu Raghupur Fort,,,,31.53631395,77.35119222,,,,,,,,,,,,,"fort, architectural, historical",,,,,,India,,,
1559,Kullu Hamta Pass Valley Walk,,,,32.26939386,77.34694808,,,,,,,,,,,,,"trekking, adventure",,,,,,India,,,
1560,Kullu Hanogi Mata Temple,,,,31.69285166,77.12855383,,,,,,,,,,,,,"temple, religious, spiritual",,,,,,India,,,
1561,Kullu Maa Vaishno Devi Temple,,,,31.98348837,77.12451078,,,,,,,,,,,,,"temple, religious, spiritual",,,,,,India,,,
1562,Kullu Chandrakhani Pass,,,,32.07253067,77.24098891,,,,,,,,,,,,,"trekking, adventure, nature",,,,,,India,,,
1563,Kullu Dhakpo Monastery,,,,32.02464512,77.13567378,,,,,,,,,,,,,"monastery, religious, spiritual",,,,,,India,,,
1564,Kullu Dechen Choekhor Buddhist Monastery,,,,31.86814624,77.14781154,,,,,,,,,,,,,"monastery, religious, spiritual",,,,,,India,,,
1565,Old Mannali Village market Food,,,,32.25360828,77.17749775,,,,,,,,,,,,,"shopping, food",,,,,,India,,,
1566,Old manali Bridge,,,,32.25291229,77.17974572,,,,,,,,,,,,,"architectural, bridge",,,,,,India,,,
1567,Manali Deo Tibba,,,,32.19716348,77.38248943,,,,,,,,,,,,,"adventure, trekking",,,,,,India,,,
1568,Manali Nature Park,,,,32.25164219,77.18642561,,,,,,,,,,,,,"park, floral, nature",,,,,,India,,,
1569,Dharamshala Tibet Museum and Liberary Archives,,,,32.22623831,76.32505838,,,,,,,,,,,,,"museum, exhibits, historical",,,,,,India,,,
1570,Dharamshala Tsuglagkhang Complex Dalai Lama Temple,,,,32.23214954,76.32389252,,,,,,,,,,,,,"temple, religious, spiritual",,,,,,India,,,
1571,Dharamshala Skyway View,,,,32.23467595,76.3242988,,,,,,,,,,,,,"scenic, photography",,,,,,India,,,
1572,Dharamshala Mcleodganj Dal Lake,,,,32.24696762,76.31074664,,,,,,,,,,,,,"lake, scenic, nature",,,,,,India,,,
1573,Dharamshala Bhangsu Naag Temple and Waterfall,,,,32.24598902,76.33660727,,,,,,,,,,,,,"temple, waterfall, scenic",,,,,,India,,,
1574,Dharamshala Naddi View and Sunset Point,,,,32.25388127,76.3026431,,,,,,,,,,,,,"sunset, scenic, nature",,,,,,India,,,
1575,NAAM European Art Gallery,,,,32.18816445,76.35699432,,,,,,,,,,,,,"art, exhibits",,,,,,India,,,
1576,Chinmaya Tapovan Temple,,,,32.17617799,76.35919651,,,,,,,,,,,,,"temple, religious, spiritual",,,,,,India,,,
1577,Dharamshala Tea Garden,,,,32.20517874,76.31165274,,,,,,,,,,,,,"tea, serene, garden",,,,,,India,,,
1578,Kangra Fort,,,,32.08741346,76.25387379,,,,,,,,,,,,,"fort, historical, photography",,,,,,India,,,
1579,Tatpani Hot Springs,,,,32.12920436,76.17631165,,,,,,,,,,,,,"nature, photography",,,,,,India,,,
1580,Himalaya Subbody Butoh Meditation Centre Dharmashala,,,,32.23098219,76.32749901,,,,,,,,,,,,,"meditation, yoga, education",,,,,,India,,,
1581,Nechung Monastery Dharamshala,,,,32.22545022,76.32923317,,,,,,,,,,,,,"shopping, market",,,,,,India,,,
1582,Kangra Art Museum,,,,32.21735877,76.31800922,,,,,,,,,,,,,"shopping, market",,,,,,India,,,
1583,Dharamshala DipTseChokLing Monastery,,,,32.23772545,76.32366346,,,,,,,,,,,,,"shopping, market",,,,,,India,,,
1584,Indru Naag Temple,,,,32.22116575,76.33418198,,,,,,,,,,,,,"temple, religious, spiritual",,,,,,India,,,
1585,Manali Goshal Village,,,,32.27449293,77.17216655,,,,,,,,,,,,,"serene, scenic, nature, pphotography",,,,,,India,,,
1586,Kullu Sarwari BAzaar,,,,31.96367109,77.10921251,,,,,,,,,,,,,"shopping, market",,,,,,India,,,
1587,Palampur Town,,,,32.10927061,76.53391378,,,,,,,,,,,,,"tea, nature, scenic",,,,,,India,,,
1588,Bhagsu Naag Town Enroute,,,,32.2447317,76.33200872,,,,,,,,,,,,,"temple, waterfall, photography",,,,,,India,,,
1589,BhagsuNaag Karthani Leta Trail,,,,32.25126919,76.36516507,,,,,,,,,,,,,"adventure, nature, hiking",,,,,,India,,,
1590,KanialtoSalin and Lamadugh Top and Kanpari Tibba Trails Off Gadherni,,,,32.21357471,77.15925982,,,,,,,,,,,,,"adventure, nature",,,,,,India,,,
1591,Kanial Top Boulder Trail,,,,32.2371963,77.16533828,,,,,,,,,,,,,"nature, adventure",,,,,,India,,,
1592,Dzongsar Khyentse Chokyi LodroMonastery and College Of Dialectics,,,,32.00695289,76.73786073,,,,,,,,,,,,,education,,,,,,India,,,
1593,Dharamshala Kotwali Bazaar,,,,32.21660713,76.31820442,,,,,,,,,,,,,"shopping, market",,,,,,India,,,
1594,Nhagsu Naag Triund Trek,,,,32.26637549,76.34880036,,,,,,,,,,,,,"trekking, adventure, nature",,,,,,India,,,
